 (3.123780691411926524e-06+4.063368598281186277e-09j), (9.161464570653769895e-17-1.783957687093148542e-14j), (-1.367396485919269607e-16+5.052562143615604462e-14j), (5.150891152056608024e-12-1.783957687093148542e-14j), (3.123788320554303485e-06+4.063387781486522558e-09j), (-8.117589145704357770e-17+2.699801637906494966e-14j), (2.387927287406124728e-11+5.052562143615604462e-14j), (1.015746320815841094e-11+2.699801637906494966e-14j), (6.045029035930186291e-06+1.110214979054217953e-08j)
 (3.123776620267738596e-06+4.970328774800685208e-09j), (1.370758447129144947e-16-2.182124480118624040e-14j), (-2.045937927194371126e-16+6.180305277239465690e-14j), (5.150936613255614469e-12-2.182124480118624040e-14j), (3.123784249377437450e-06+4.970352239683412291e-09j), (-1.214576807885433435e-16+3.302401267262610482e-14j), (2.387920501991711887e-11+6.180305277239465690e-14j), (1.015742292636908067e-11+3.302401267262610482e-14j), (6.045014524254702275e-06+1.358017641533533777e-08j)
 (3.123770528928693576e-06+6.079718440820855421e-09j), (2.050949558623694946e-16-2.669143963145985235e-14j), (-3.061184653226201119e-16+7.559748196925420296e-14j), (5.151004632366763510e-12-2.669143963145985235e-14j), (3.123778157989498299e-06+6.079747142956717703e-09j), (-1.817280091566322920e-16+4.039492708320005684e-14j), (2.387910349524451473e-11+7.559748196925420296e-14j), (1.015736265604071237e-11+4.039492708320005684e-14j), (6.044992811607781722e-06+1.661127285077262386e-08j)
 (3.123761414966542158e-06+7.436712600492157635e-09j), (3.068640944642218675e-16-3.264831280483110970e-14j), (-4.580207427541945115e-16+9.247055057810936672e-14j), (5.151106401505365511e-12-3.264831280483110970e-14j), (3.123769043954192457e-06+7.436747708644652492e-09j), (-2.719050098282597802e-16+4.941084935208604597e-14j), (2.387895159296708250e-11+9.247055057810936672e-14j), (1.015727247904004080e-11+4.941084935208604597e-14j), (6.044960324907142856e-06+2.031885220911902506e-08j)
 (3.123747778592255326e-06+9.096562419184181017e-09j), (4.591269124066511226e-16-3.993410003688808908e-14j), (-6.852966290359333128e-16+1.131091212353844040e-13j), (5.151258664323308462e-12-3.993410003688808908e-14j), (3.123755407470453298e-06+9.096605362802905737e-09j), (-4.068274351059775604e-16+6.043876375637166986e-14j), (2.387872431708080095e-11+1.131091212353844040e-13j), (1.015713755661476209e-11+6.043876375637166986e-14j), (6.044911718346922541e-06+2.485384439811104583e-08j)
 (3.123727375946778423e-06+1.112683830037539182e-08j), (6.869305190314563088e-16-4.884484136861751266e-14j), (-1.025342112918014067e-15+1.383531105280965531e-13j), (5.151486467929932894e-12-4.884484136861751266e-14j), (3.123735004661219092e-06+1.112689082762577534e-08j), (-6.086950864788193685e-16+7.392740773972041190e-14j), (2.387838427159691870e-11+1.383531105280965531e-13j), (1.015693568896339001e-11+7.392740773972041190e-14j), (6.044838994163894860e-06+3.040081325666389233e-08j)
 (3.123696850088357455e-06+1.361016865899706396e-08j), (1.027739344848787721e-15-5.974217121525883553e-14j), (-1.534101617849525458e-15+1.692294370578019676e-13j), (5.151827276755750135e-12-5.974217121525883553e-14j), (3.123704478557799774e-06+1.361023290761124342e-08j), (-9.107185419821593602e-16+9.042538667314857589e-14j), (2.387787551209198859e-11+1.692294370578019676e-13j), (1.015663366550788579e-11+9.042538667314857589e-14j), (6.044730187659821130e-06+3.718541849224384620e-08j)
 (3.123651179136777488e-06+1.664758090800378140e-08j), (1.537582230900452599e-15-7.306755818478494542e-14j), (-2.295261575214040702e-15+2.069933689320911451e-13j), (5.152337119641801663e-12-7.306755818478494542e-14j), (3.123658807239692133e-06+1.664765949170680322e-08j), (-1.362576239733843293e-15+1.106032216619385096e-13j), (2.387711435213462269e-11+2.069933689320911451e-13j), (1.015618180781013421e-11+1.106032216619385096e-13j), (6.044567400945704682e-06+4.548350551544035023e-08j)
 (3.123582851180642257e-06+2.036257153068944544e-08j), (2.300231679023209156e-15-8.935939066876769336e-14j), (-3.433992622983309375e-15+2.531787744384644600e-13j), (5.153099769089924372e-12-8.935939066876769336e-14j), (3.123590478735250453e-06+2.036266764447913772e-08j), (-2.038571063346080258e-15+1.352801165954086686e-13j), (2.387597562108685582e-11+2.531787744384644600e-13j), (1.015550581298652298e-11+1.352801165954086686e-13j), (6.044323863780999681e-06+5.563215531151491297e-08j)
 (3.123480631117019270e-06+2.490605418209396062e-08j), (3.440897068042853939e-15-1.092732684253614011e-13j), (-5.137481192969684030e-15+3.096589937181514663e-13j), (5.154240434478944459e-12-1.092732684253614011e-13j), (3.123488257851468332e-06+2.490617173021799795e-08j), (-3.049815408071668530e-15+1.654563306798885944e-13j), (2.387427213251686874e-11+3.096589937181514663e-13j), (1.015449456864179635e-11+1.654563306798885944e-13j), (6.043959542208220237e-06+6.804307478923186857e-08j)
 (3.123327718623741282e-06+3.046235660157571579e-08j), (5.146621538961495105e-15-1.336057140906103810e-13j), (-7.685582184793311483e-15+3.787202091218872719e-13j), (5.155946158949863054e-12-1.336057140906103810e-13j), (3.123335344131568476e-06+3.046250035261403789e-08j), (-4.562420532250573220e-15+2.023521021931618230e-13j), (2.387172403152504290e-11+3.787202091218872719e-13j), (1.015298196351761849e-11+2.023521021931618230e-13j), (6.043414582152417842e-06+8.321874582294671873e-08j)
 (3.123098998918070820e-06+3.725645444057663571e-08j), (7.696595706054477920e-15-1.633211548306723876e-13j), (-1.149653223184109827e-14+4.631492055006272217e-13j), (5.158496133116956205e-12-1.633211548306723876e-13j), (3.123106622591766327e-06+3.725663021446706989e-08j), (-6.824616665225683499e-15+2.474540290316456625e-13j), (2.386791308147799589e-11+4.631492055006272217e-13j), (1.015071976738464213e-11+2.474540290316456625e-13j), (6.042599531060011077e-06+1.017717586648113733e-07j)
 (3.122756944587021861e-06+4.556263424559176837e-08j), (1.150705856936239285e-14-1.995812473304940994e-13j), (-1.719501129393307341e-14+5.663370953000563213e-13j), (5.162306595980264214e-12-1.995812473304940994e-13j), (3.122764565519076277e-06+4.556284913753848749e-08j), (-1.020711875095043808e-14+3.025695557938774323e-13j), (2.386221460241590476e-11+5.663370953000563213e-13j), (1.014733726529891817e-11+3.025695557938774323e-13j), (6.041380777668215315e-06+1.244476942918761506e-07j)
 (3.122245518014535605e-06+5.571475205631366198e-08j), (1.719745792839540680e-14-2.437740678523309234e-13j), (-2.571322880811310402e-14+6.923995986391920976e-13j), (5.167996995339296556e-12-2.437740678523309234e-13j), (3.122253134850359017e-06+5.571501470178482018e-08j), (-1.526305132784267126e-14+3.698895329008716923e-13j), (2.385369638490172590e-11+6.923995986391920976e-13j), (1.014228133272202610e-11+3.698895329008716923e-13j), (6.039558923802472154e-06+1.521517187908373480e-07j)
 (3.121481124347190570e-06+6.811816710914904793e-08j), (2.568719211329633853e-14-2.975377652727995158e-13j), (-3.844050365054827163e-14+8.463121876131128151e-13j), (5.176486729524197734e-12-2.975377652727995158e-13j), (3.121488735067298460e-06+6.811848799191967455e-08j), (-2.281654756007564309e-14+4.520573215815412828e-13j), (2.384096911005929075e-11+8.463121876131128151e-13j), (1.013472783648979350e-11+4.520573215815412828e-13j), (6.036836774042635557e-06+1.859785795543830726e-07j)
 (3.120339244922537952e-06+8.326322502483253583e-08j), (3.833532296905140279e-14-3.627678372779139627e-13j), (-5.744334381758835757e-14+1.034053738180574116e-12j), (5.189134860379952754e-12-3.627678372779139627e-13j), (3.120346846521582037e-06+8.326361682477340482e-08j), (-3.409297414761755086e-14+5.522399002316842023e-13j), (2.382196626989225018e-11+1.034053738180574116e-12j), (1.012345140990225024e-11+5.522399002316842023e-13j), (6.032772219942466658e-06+2.272447123642869621e-07j)
 (3.118634814644759746e-06+1.017397406331488096e-07j), (5.713861634994184658e-14-4.415876023825695738e-13j), (-8.578653688145646287e-14+1.262743265685792622e-12j), (5.207938153760843160e-12-4.415876023825695738e-13j), (3.118642402662172199e-06+1.017402185991368900e-07j), (-5.090857572919686089e-14+6.741907295191954481e-13j), (2.379362307682838046e-11+1.262743265685792622e-12j), (1.010663580832067222e-11+6.741907295191954481e-13j), (6.026709469669861373e-06+2.775192701001896098e-07j)
 (3.116093694146339664e-06+1.242511141453656854e-07j), (8.500369354681590171e-14-5.362448301429007483e-13j), (-1.279954292720005464e-13+1.540737776352165737e-12j), (5.235803230957717682e-12-5.362448301429007483e-13j), (3.116101261988146445e-06+1.242516964582774374e-07j), (-7.594277826591836676e-14+8.222837166863885739e-13j), (2.375141418443783842e-11+1.540737776352165737e-12j), (1.008160160578395006e-11+8.222837166863885739e-13j), (6.017679953998872515e-06+3.386473803438961742e-07j)
 (3.112311810395890179e-06+1.516252233452665090e-07j), (1.261021346779170674e-13-6.488705506835971794e-13j), (-1.907080207153301632e-13+1.877629935597140382e-12j), (5.276901672088818633e-12-6.488705506835971794e-13j), (3.112319348372461698e-06+1.516259313980861343e-07j), (-1.131206047142955575e-13+1.001479403547503953e-12j), (2.368870159299450838e-11+1.877629935597140382e-12j), (1.004442377933557215e-11+1.001479403547503953e-12j), (6.004262369824436249e-06+4.127527482268422021e-07j)
 (3.106697982296865915e-06+1.848166451969136560e-07j), (1.862912987985642356e-13-7.809957097874699484e-13j), (-2.835651671207380927e-13+2.284035254030852452e-12j), (5.337090836209465675e-12-7.809957097874699484e-13j), (3.106705476296262695e-06+1.848175036554031032e-07j), (-1.681308762977615494e-13+1.217154216764911055e-12j), (2.359584444658909964e-11+2.284035254030852452e-12j), (9.989413507752107230e-12+1.217154216764911055e-12j), (5.984391221985701621e-06+5.021963242673678985e-07j)
 (3.098396838737606900e-06+2.248905359110439476e-07j), (2.735162419107373339e-13-9.326707087123875446e-13j), (-4.203613525793309640e-13+2.770982256721716973e-12j), (5.424315779321639076e-12-9.326707087123875446e-13j), (3.098404268479693897e-06+2.248915723184855352e-07j), (-2.490872215904735110e-13+1.474677024178177919e-12j), (2.345904826113050727e-11+2.770982256721716973e-12j), (9.908457162459395799e-12+1.474677024178177919e-12j), (5.955108425135113955e-06+6.094515349153529312e-07j)
 (3.086191157171825918e-06+2.729722317757886172e-07j), (3.979616801060793534e-13-1.100996143606614066e-12j), (-6.203930699024745375e-13+3.348615312779056774e-12j), (5.548761217516981045e-12-1.100996143606614066e-12j), (3.086198494086549857e-06+2.729734753276021100e-07j), (-3.672816354538762244e-13+1.778554938561585698e-12j), (2.325901654380736244e-11+3.348615312779056774e-12j), (9.790262748595992480e-12+1.778554938561585698e-12j), (5.912270188559885372e-06+7.368342899991953836e-07j)
 (3.068391351430447102e-06+3.301388546909550454e-07j), (5.714532219461922561e-13-1.277924559810701209e-12j), (-9.097381844822206424e-13+4.023813759725131504e-12j), (5.722252759357093494e-12-1.277924559810701209e-12j), (3.068398556450434734e-06+3.301403336670920808e-07j), (-5.378445708078102590e-13+2.130906262326143557e-12j), (2.296967142922761613e-11+4.023813759725131504e-12j), (9.619699813242057536e-12+2.130906262326143557e-12j), (5.850263826943975430e-06+8.860030321069779912e-07j)
 (3.042738114610085309e-06+3.972233451181016618e-07j), (8.052261227095751305e-13-1.447493663802533218e-12j), (-1.321807058427644966e-12+4.796323128331966801e-12j), (5.956025660120476772e-12-1.447493663802533218e-12j), (3.042745136635311070e-06+3.972250824213008122e-07j), (-7.799147671321086169e-13+2.529045373025196123e-12j), (2.255760255528219261e-11+4.796323128331966801e-12j), (9.377629616917760491e-12+2.529045373025196123e-12j), (5.761871855205578202e-06+1.057140758142755808e-06j)
 (3.006376082083356069e-06+4.745071847453410643e-07j), (1.104876593359624960e-12-1.583649854864587322e-12j), (-1.895910257220471168e-12+5.653321852004800093e-12j), (6.255676130770526299e-12-1.583649854864587322e-12j), (3.006382858592305149e-06+4.745091914013362364e-07j), (-1.115378445255329925e-12+2.962144697429789111e-12j), (2.198349935648936783e-11+5.653321852004800093e-12j), (9.042165938794538173e-12+2.962144697429789111e-12j), (5.638547902845157413e-06+1.247796126145937496e-06j)
 (2.955996888056882379e-06+5.613146509281987362e-07j), (1.461874769693846639e-12-1.651157835785868885e-12j), (-2.672016759914135973e-12+6.563366483234701862e-12j), (6.612674307104748381e-12-1.651157835785868885e-12j), (2.956003349962179796e-06+5.613169185568840247e-07j), (-1.565256308870430254e-12+3.407736766366555129e-12j), (2.120739285379570181e-11+6.563366483234701862e-12j), (8.592288075179438046e-12+3.407736766366555129e-12j), (5.471490687829055346e-06+1.451574751033215546e-06j)
 (2.888269436701299691e-06+6.556102714595862163e-07j), (1.843619244509007220e-12-1.614160704042110011e-12j), (-3.680226565128468982e-12+7.472658886221752258e-12j), (6.994418781919909164e-12-1.614160704042110011e-12j), (2.888275519165933937e-06+6.556127669512966222e-07j), (-2.142596092744124288e-12+3.829986616031912162e-12j), (2.019918304858136961e-11+7.472658886221752258e-12j), (8.014948291305743810e-12+3.829986616031912162e-12j), (5.253845486623935092e-06+1.657286862161007396e-06j)
 (2.800607331252439895e-06+7.538326598804733629e-07j), (2.189430907533795428e-12-1.454898034865841187e-12j), (-4.925987976877421441e-12+8.308596243450174504e-12j), (7.340230444944696564e-12-1.454898034865841187e-12j), (2.800612989076109218e-06+7.538353277201436217e-07j), (-2.843392227518531246e-12+4.182894413413709323e-12j), (1.895342163683241473e-11+8.308596243450174504e-12j), (7.314152156531336852e-12+4.182894413413709323e-12j), (4.983832424308593080e-06+1.849607689901615418e-06j)
 (2.692103864869311250e-06+8.512734541937727177e-07j), (2.423819551059441668e-12-1.197790960931905916e-12j), (-6.377564626501510913e-12+8.994974483787006512e-12j), (7.574619088470343209e-12-1.197790960931905916e-12j), (2.692109085771482955e-06+8.512762305239662889e-07j), (-3.638879068095652484e-12+4.421693992739385621e-12j), (1.750184498720832687e-11+8.994974483787006512e-12j), (6.518665315954216019e-12+4.421693992739385621e-12j), (4.667497603074612253e-06+2.012190559447643503e-06j)
 (2.564160619556530638e-06+9.431449798404038779e-07j), (2.491187180543855337e-12-9.198222230224380287e-13j), (-7.965982227908595662e-12+9.476560186373213064e-12j), (7.641986717954756878e-12-9.198222230224380287e-13j), (2.564165424668388075e-06+9.431478152754187316e-07j), (-4.477741302525602337e-12+4.519029985514568998e-12j), (1.591342738580124212e-11+9.476560186373213064e-12j), (5.679803081524266165e-12+4.519029985514568998e-12j), (4.318863785251582848e-06+2.132775554863906462e-06j)
 (2.420244030083535216e-06+1.026003958349318042e-06j), (2.394736470428609707e-12-7.280759416349153746e-13j), (-9.604588787272849337e-12+9.739386845136656174e-12j), (7.545536007839511248e-12-7.280759416349153746e-13j), (2.420248456376846805e-06+1.026006836312226533e-06j), (-5.301301015219660618e-12+4.477964464664676114e-12j), (1.427482082643698845e-11+9.739386845136656174e-12j), (4.856243368830207884e-12+4.477964464664676114e-12j), (3.956098973183710959e-06+2.207649109989775783e-06j)
 (2.264628780035300619e-06+1.098728531829496411e-06j), (2.206541967516181490e-12-7.095675417476911577e-13j), (-1.121873990863688748e-11+9.812392561553886952e-12j), (7.357341504927083030e-12-7.095675417476911577e-13j), (2.264632853031221578e-06+1.098731467568173892e-06j), (-6.064485408483182187e-12+4.330137358956232298e-12j), (1.266066970507295031e-11+9.812392561553886952e-12j), (4.093058975566686315e-12+4.330137358956232298e-12j), (3.595271400331312837e-06+2.242203049961262377e-06j)
 (2.100751775453581426e-06+1.162333875635745483e-06j), (2.032513491231135663e-12-8.885226249605769832e-13j), (-1.276814791275810285e-11+9.747259142852976667e-12j), (7.183313028642037608e-12-8.885226249605769832e-13j), (2.100755492635344357e-06+1.162336894501974039e-06j), (-6.749530922414835158e-12+4.119642307382576989e-12j), (1.111126170095173493e-11+9.747259142852976667e-12j), (3.408013461635033344e-12+4.119642307382576989e-12j), (3.245632638176881993e-06+2.246938007058028479e-06j)
 (1.930214273422327411e-06+1.218683178738682231e-06j), (1.957355937228235757e-12-1.227122226243205808e-12j), (-1.424665568246048425e-11+9.589661006220405402e-12j), (7.108155474639136893e-12-1.227122226243205808e-12j), (1.930217610628493253e-06+1.218686289068364877e-06j), (-7.363702080623793990e-12+3.883629114785037545e-12j), (9.632753931249353536e-12+9.589661006220405402e-12j), (2.793842303426074512e-12+3.883629114785037545e-12j), (2.909260460695231058e-06+2.231813735690551148e-06j)
 (1.753039446895337259e-06+1.268986274932138814e-06j), (2.008954138397044460e-12-1.671243257124220166e-12j), (-1.566496300470012389e-11+9.363599068242092397e-12j), (7.159753675807945596e-12-1.671243257124220166e-12j), (1.753042385726708425e-06+1.268989458028102570e-06j), (-7.926435877256332567e-12+3.643229123845245683e-12j), (8.214446609009713893e-12+9.363599068242092397e-12j), (2.231108506793535936e-12+3.643229123845245683e-12j), (2.584384785197248090e-06+2.202707230175248436e-06j)
 (1.568836325194604411e-06+1.313100703133512597e-06j), (2.174730071253403764e-12-2.207570496171904595e-12j), (-1.703025208992364611e-11+9.071916823932629812e-12j), (7.325529608664304901e-12-2.207570496171904595e-12j), (1.568838879660880326e-06+1.313103933934658663e-06j), (-8.456937912788188551e-12+3.407304888106172963e-12j), (6.849157523786191670e-12+9.071916823932629812e-12j), (1.700606471261679951e-12+3.407304888106172963e-12j), (2.269331347236115008e-06+2.161498211752144446e-06j)
 (1.377883857166934063e-06+1.349932759864159657e-06j), (2.456108043557138482e-12-2.892097468234389929e-12j), (-1.833526164752821763e-11+8.708914856784010590e-12j), (7.606907580968039619e-12-2.892097468234389929e-12j), (1.377886077273296844e-06+1.349936046251276645e-06j), (-8.972454157794051741e-12+3.180248542229881618e-12j), (5.544147966181620150e-12+8.708914856784010590e-12j), (1.185090226255816761e-12+3.180248542229881618e-12j), (1.964417950107115243e-06+2.108444097425666440e-06j)
 (1.181395036736169487e-06+1.378333033448269819e-06j), (2.930633977319106140e-12-3.830607227943271375e-12j), (-1.955748521540704080e-11+8.272418193620620927e-12j), (8.081433514730007276e-12-3.830607227943271375e-12j), (1.181396988112285133e-06+1.378336462106759315e-06j), (-9.494832720139724011e-12+2.967346660453548263e-12j), (4.321924398302796980e-12+8.272418193620620927e-12j), (6.627116639101444906e-13+2.967346660453548263e-12j), (1.671398753892684450e-06+2.044322509028195477e-06j)
 (9.810811748611058882e-07+1.397645545850554815e-06j), (3.791502631757609656e-12-5.124806066787008927e-12j), (-2.066007179398855120e-11+7.774613638501868201e-12j), (8.942302169168511197e-12-5.124806066787008927e-12j), (9.810829000262699120e-07+1.397649319982126486e-06j), (-1.005744130218466796e-11+2.767982534051162056e-12j), (3.219337819721286588e-12+7.774613638501868201e-12j), (1.001030818652005446e-13+2.767982534051162056e-12j), (1.392030468217902146e-06+1.970918889081810957e-06j)
 (7.786837067557319329e-07+1.407671544311593981e-06j), (5.356159834482314239e-12-6.794940008394810593e-12j), (-2.159640555910822095e-11+7.260808627681544306e-12j), (1.050695937189321578e-11-6.794940008394810593e-12j), (7.786851866015955164e-07+1.407676039620482862e-06j), (-1.070692463299497247e-11+2.564346211023762415e-12j), (2.283004054601616836e-12+7.260808627681544306e-12j), (-5.493802489451039668e-13+2.564346211023762415e-12j), (1.127343239148560293e-06+1.890385841420355482e-06j)
 (5.758518898878778634e-07+1.408440524351819343e-06j), (8.036480177402056771e-12-8.683808669846742306e-12j), (-2.233313636969990548e-11+6.836020508876996253e-12j), (1.318727971481295831e-11-8.683808669846742306e-12j), (5.758529777484267292e-07+1.408446401154718201e-06j), (-1.149336069230485530e-11+2.307965380664839862e-12j), (1.546273244009932307e-12+6.836020508876996253e-12j), (-1.335816308254986795e-12+2.307965380664839862e-12j), (8.777757213063724573e-07+1.804679331541515514e-06j)
 (3.742019114187870646e-07+1.400131476374172343e-06j), (1.224674602095230418e-11-1.034313176991693877e-11j), (-2.291231748573761458e-11+6.679836799126304322e-12j), (1.739754555836320572e-11-1.034313176991693877e-11j), (3.742021558724532905e-07+1.400139871249846818e-06j), (-1.245745395379486903e-11+1.910079163093693735e-12j), (9.670921279722232029e-13+6.679836799126304322e-12j), (-2.299909569745000529e-12+1.910079163093693735e-12j), (6.434753726225784105e-07+1.715476441462119907e-06j)
 (1.753226682855275019e-07+1.383105485590844267e-06j), (1.823275206848484865e-11-1.094054223985866172e-11j), (-2.354191404006071582e-11+7.002620916069830841e-12j), (2.338355160589575180e-11-1.094054223985866172e-11j), (1.753209074610200937e-07+1.383118209735122559e-06j), (-1.361236549336248700e-11+1.232300599056793022e-12j), (3.374955736491219672e-13+7.002620916069830841e-12j), (-3.454821109312618494e-12+1.232300599056793022e-12j), (4.244001414926268419e-07+1.624260215225486788e-06j)
 (-1.927650433978162398e-08+1.357917318069495332e-06j), (2.582258630356355670e-11-9.216418076815933793e-12j), (-2.464458776226762043e-11+7.909356527985538127e-12j), (3.097338584097445663e-11-9.216418076815933793e-12j), (-1.928282455409117990e-08+1.357936864372705775e-06j), (-1.492106262500705096e-11+7.642137303206037040e-14j), (-7.651781485577826517e-13+7.909356527985538127e-12j), (-4.763518240957182462e-12+7.642137303206037040e-14j), (2.203302955377707623e-07+1.532345965826811208e-06j)
 (-2.082115430304453504e-07+1.325296561966075336e-06j), (3.412042771142383493e-11-3.535049640717920960e-12j), (-2.677858408694760402e-11+9.212968744166757213e-12j), (3.927122724883473486e-11-3.535049640717920960e-12j), (-2.082271717004957848e-07+1.325325696479855256e-06j), (-1.625814059753691460e-11-1.835689202585766362e-12j), (-2.899174473237766237e-12+9.212968744166757213e-12j), (-6.100596213487046100e-12-1.835689202585766362e-12j), (3.089665789842671286e-08+1.440880729002545036e-06j)
 (-3.902584492179020187e-07+1.286126142006320584e-06j), (4.116508736561956217e-11+7.886131938592199860e-12j), (-3.037963985642428520e-11+1.032523583853916963e-11j), (4.631588690303046209e-11+7.886131938592199860e-12j), (-3.902909731559464603e-07+1.286167033499180252e-06j), (-1.732219359793153247e-11-4.865759923282703594e-12j), (-6.500230242714447421e-12+1.032523583853916963e-11j), (-7.164649213881663971e-12-4.865759923282703594e-12j), (-1.443883878040555112e-07+1.350856175679569249e-06j)
 (-5.643877239503003311e-07+1.241418027486500518e-06j), (4.371211823775678660e-11+2.647170413545220973e-11j), (-3.542114766812346970e-11+1.036685858123420067e-11j), (4.886291777516768653e-11+2.647170413545220973e-11j), (-5.644478739393539953e-07+1.241470977370802817e-06j), (-1.750748755779135793e-11-9.374384028379783028e-12j), (-1.154173805441363192e-11+1.036685858123420067e-11j), (-7.349943173741489427e-12-9.374384028379783028e-12j), (-3.061119997137518148e-07+1.263125323261745340e-06j)
 (-7.297958583197208380e-07+1.192281524724497458e-06j), (3.736371260636552804e-11+5.254596588373926713e-11j), (-4.119540802033619912e-11+8.517731332962850789e-12j), (4.251451214377642796e-11+5.254596588373926713e-11j), (-7.298973833688874285e-07+1.192343214747273914e-06j), (-1.583299669203401462e-11-1.548664907439846675e-11j), (-1.731599840662636134e-11+8.517731332962850789e-12j), (-5.675452307984146121e-12-1.548664907439846675e-11j), (-4.549487974319736322e-07+1.178416170890460978e-06j)
 (-8.859297226193707041e-07+1.139886354458272069e-06j), (1.721946531954607234e-11+8.451751143796129640e-11j), (-4.637939499812120020e-11+4.422869515113533122e-12j), (2.237026485695697549e-11+8.451751143796129640e-11j), (-8.860883202223904683e-07+1.139947259455067495e-06j), (-1.109464879707477018e-11-2.276958347268666218e-11j), (-2.249998538441136242e-11+4.422869515113533122e-12j), (-9.371044130249016730e-13-2.276958347268666218e-11j), (-5.916526306247902345e-07+1.097344108236697193e-06j)
 (-1.032504346641385792e-06+1.085424280013750311e-06j), (-2.083534053624608291e-11+1.182417530577969391e-10j), (-4.933208251340059996e-11-1.580386747351814425e-12j), (-1.568454099883518298e-11+1.182417530577969391e-10j), (-1.032734436896339432e-06+1.085465525926305925e-06j), (-2.317810050208024842e-12-3.004435731199184281e-11j), (-2.545267289969076217e-11-1.580386747351814425e-12j), (7.839734333841843256e-12-3.004435731199184281e-11j), (-7.170545724301532350e-07+1.020423477445135866e-06j)
 (-1.169517688123803802e-06+1.030068214960784381e-06j), (-7.820776320300930426e-11+1.470363426659682409e-10j), (-4.840275123015336411e-11-8.484659413349542339e-12j), (-7.305696366559840434e-11+1.470363426659682409e-10j), (-1.169826020151465322e-06+1.030059590430233917e-06j), (1.061477041245825631e-11-3.555472151593736423e-11j), (-2.452334161644352633e-11-8.484659413349542339e-12j), (2.077231479650812320e-11-3.555472151593736423e-11j), (-8.320695116539925356e-07+9.480724041947693274e-07j)
 (-1.297260982856890690e-06+9.749214671349239033e-07j), (-1.515878245630415004e-10+1.630173871198514335e-10j), (-4.212403259134690287e-11-1.469007788878954058e-11j), (-1.464370250256306005e-10+1.630173871198514335e-10j), (-1.297637996180474611e-06+9.748233064437660849e-07j), (2.643840082098114439e-11-3.752536153595255191e-11j), (-1.824462297763706509e-11-1.469007788878954058e-11j), (3.659594520503100966e-11-3.752536153595255191e-11j), (-9.377055750710905615e-07+8.806012380280824524e-07j)
 (-1.416312368242605345e-06+9.209535212842897859e-07j), (-2.322835175011608991e-10+1.597448322500199736e-10j), (-2.946218386926086157e-11-1.796278236091498147e-11j), (-2.271327179637499991e-10+1.597448322500199736e-10j), (-1.416724684383617086e-06+9.207237695317574001e-07j), (4.228727228111206331e-11-3.489975960408974946e-11j), (-5.582774255551023783e-12-1.796278236091498147e-11j), (5.244481666516193181e-11-3.489975960408974946e-11j), (-1.035060556383069073e-06+8.181826260172982473e-07j)
 (-1.527499507917200096e-06+8.689346627368329118e-07j), (-3.079707832006162854e-10+1.344511822837027445e-10j), (-1.034635513771904774e-11-1.549467405083944430e-11j), (-3.028199836632053855e-10+1.344511822837027445e-10j), (-1.527887241790181369e-06+8.685392720313065231e-07j), (5.383926801743249125e-11-2.807569466292619245e-11j), (1.353305447599079005e-11-1.549467405083944430e-11j), (6.399681240148235329e-11-2.807569466292619245e-11j), (-1.125291424177399474e-06+7.608179617427544246e-07j)
 (-1.631833528945735428e-06+8.193927140104648592e-07j), (-3.655920008718406549e-10+8.768254866644340450e-11j), (1.378781585887959903e-11-4.464095513586954267e-12j), (-3.604412013344297549e-10+8.768254866644340450e-11j), (-1.632113620603340163e-06+8.188156358709508987e-07j), (5.600776664767170372e-11-1.962928691419765340e-11j), (3.766722547258943358e-11-4.464095513586954267e-12j), (6.616531103172157868e-11-1.962928691419765340e-11j), (-1.209561612712382142e-06+7.083227615114027486e-07j)
 (-1.730437243318594165e-06+7.726015827181580931e-07j), (-3.924638086589182034e-10+2.082324720972026658e-11j), (4.006993761235034922e-11+1.701392119331467111e-11j), (-3.873130091215073035e-10+2.082324720972026658e-11j), (-1.730511328898272302e-06+7.718518466157817219e-07j), (4.457413229929986768e-11-1.477626616115837990e-11j), (6.394934722606019023e-11+1.701392119331467111e-11j), (5.473167668334973618e-11-1.477626616115837990e-11j), (-1.288988663108348984e-06+6.603376353044796442e-07j)
 (-1.824487068265763105e-06+7.285803566149155300e-07j), (-3.746920372218173027e-10-6.493298384548019875e-11j), (6.499449714508691526e-11+4.931214727326939124e-11j), (-3.695412376844064028e-10-6.493298384548019875e-11j), (-1.824252250389305080e-06+7.276961328520807168e-07j), (1.868269319622598286e-11-2.075578615548449842e-11j), (8.887390675879675628e-11+4.931214727326939124e-11j), (2.884023758027585137e-11-2.075578615548449842e-11j), (-1.364607170261479911e-06+6.163442044743333439e-07j)
 (-1.915152892855197606e-06+6.870683766216690411e-07j), (-2.961197801374728261e-10-1.654740265283868283e-10j), (8.505333675342111733e-11+9.155419233111052435e-11j), (-2.909689806000619262e-10-1.654740265283868283e-10j), (-1.914515262317373225e-06+6.861184120116196664e-07j), (-1.710363845673525304e-11-4.442518270789928069e-11j), (1.089327463671309583e-10+9.155419233111052435e-11j), (-6.946094072685384533e-12-4.442518270789928069e-11j), (-1.437328871649764904e-06+5.756595591867919368e-07j)
 (-2.003484460234852507e-06+6.474730774970502675e-07j), (-1.421454850572996213e-10-2.685315958180534230e-10j), (9.632676817794644125e-11+1.419800281621458311e-10j), (-1.369946855198887214e-10-2.685315958180534230e-10j), (-2.002375677796469159e-06+6.465542756288944600e-07j), (-5.304392959436874050e-11-8.870193811364593929e-11j), (1.202061777916562823e-10+1.419800281621458311e-10j), (-4.288638521031887199e-11-8.870193811364593929e-11j), (-1.507857094443215069e-06+5.374156101856171202e-07j)
 (-2.090201631364945842e-06+6.088458792623032164e-07j), (9.110436371701398991e-11-3.516557338122663807e-10j), (9.370442924437876447e-11+1.972776296264378729e-10j), (9.625516325442488984e-11-3.516557338122663807e-10j), (-2.088597318038204587e-06+6.080745360500400676e-07j), (-7.731285666210288858e-11-1.498344058976685930e-10j), (1.175838388580886055e-10+1.972776296264378729e-10j), (-6.715531227805302654e-11-1.498344058976685930e-10j), (-1.576534959810654932e-06+5.005766017442723443e-07j)
 (-2.175414317029982543e-06+5.699745762191426078e-07j), (3.869945288689045358e-10-3.870490901835968747e-10j), (7.163468496730591805e-11+2.510990723058602402e-10j), (3.921453284063154358e-10-3.870490901835968747e-10j), (-2.173350032953155825e-06+5.694693363180769157e-07j), (-8.064782058758725292e-11-2.171283976066690498e-10j), (9.551409458101575906e-11+2.510990723058602402e-10j), (-7.049027620353739088e-11-2.171283976066690498e-10j), (-1.643174020722681721e-06+4.640576775631015526e-07j)
 (-2.258390948465428127e-06+5.296450324288445880e-07j), (7.048879092353651280e-10-3.523068400852988980e-10j), (2.727593124590791206e-11+2.936728521926844833e-10j), (7.100387087727760279e-10-3.523068400852988980e-10j), (-2.255968828612604384e-06+5.295027851617599079e-07j), (-6.068592356639919815e-11-2.755386219749701401e-10j), (5.115534085961774984e-11+2.936728521926844833e-10j), (-5.052837918234932965e-11-2.755386219749701401e-10j), (-1.706972704956515350e-06+4.269546184101157420e-07j)
 (-2.337545087278968855e-06+4.870246592191191010e-07j), (9.879925950791989220e-10-2.421804797181475670e-10j), (-3.566318659283447735e-11+3.142081572745392636e-10j), (9.931433946166099253e-10-2.421804797181475670e-10j), (-2.334923725359356546e-06+4.872954713061486882e-07j), (-2.416971789324779345e-11-3.107811000747738447e-10j), (-1.178377697912463956e-11+3.142081572745392636e-10j), (-1.401217350919792495e-11-3.107811000747738447e-10j), (-1.766630947879014243e-06+3.888075841286443163e-07j)
 (-2.410751156337415279e-06+4.420084500378258057e-07j), (1.181997324699151131e-09-7.441235259321970308e-11j), (-1.056601572733387382e-10+3.055977087110879381e-10j), (1.187148124236562134e-09-7.441235259321970308e-11j), (-2.408116468398957910e-06+4.426801124452757178e-07j), (1.503112128103169824e-11-3.153887248370373963e-10j), (-8.178074765962889722e-11+3.055977087110879381e-10j), (2.518866566508156674e-11-3.153887248370373963e-10j), (-1.820677172300011427e-06+3.497652734361057059e-07j)
 (-2.475924294080410655e-06+3.953355603736237772e-07j), (1.255877138108768666e-09+1.155064225943298772e-10j), (-1.668329033145985613e-10+2.685714330014529198e-10j), (1.261027937646179670e-09+1.155064225943298772e-10j), (-2.473449618296125789e-06+3.963368426360154340e-07j), (4.235744893816295377e-11-2.921432664075890564e-10j), (-1.429534937008887202e-10+2.685714330014529198e-10j), (5.251499332221282227e-11-2.921432664075890564e-10j), (-1.867892257981909935e-06+3.105457967012609938e-07j)
 (-2.531615243344254899e-06+3.483908877379644319e-07j), (1.212323364868215244e-09+2.887005141206885158e-10j), (-2.056994155761871858e-10+2.120942582134150055e-10j), (1.217474164405626247e-09+2.887005141206885158e-10j), (-2.529427106747697313e-06+3.496132774941153406e-07j), (4.968375313985432607e-11-2.519895586553885285e-10j), (-1.818200059624773448e-10+2.120942582134150055e-10j), (5.984129752390418811e-11-2.519895586553885285e-10j), (-1.907640898455707196e-06+2.722015343904533050e-07j)
 (-2.577345407938265538e-06+3.027925677018717970e-07j), (1.081805907946504473e-09+4.174521277032781432e-10j), (-2.168051922505040639e-10+1.493950327390910962e-10j), (1.086956707483915476e-09+4.174521277032781432e-10j), (-2.575508569348246382e-06+3.041197655831940367e-07j), (3.809329398509422740e-11-2.078567739720281692e-10j), (-1.929257826367942229e-10+1.493950327390910962e-10j), (4.825083836914409591e-11-2.078567739720281692e-10j), (-1.939974017628904321e-06+2.358072230551278987e-07j)
 (-2.613577029982499619e-06+2.599782048233528963e-07j), (9.060674172728720017e-10+4.916963391232025088e-10j), (-2.035934829854912188e-10+9.240790282514989507e-11j), (9.112182168102829016e-10+4.916963391232025088e-10j), (-2.612100214660902201e-06+2.613101460934020076e-07j), (1.511356828304211730e-11-1.689728476301635691e-10j), (-1.797140733717813778e-10+9.240790282514989507e-11j), (2.527111266709198580e-11-1.689728476301635691e-10j), (-1.965505768900822746e-06+2.022144479313821759e-07j)
 (-2.641425065142918176e-06+2.209555766486677114e-07j), (7.221920688945884857e-10+5.163650538448331155e-10j), (-1.748819989417320971e-10+4.814490872349728137e-11j), (7.273428684319993856e-10+5.163650538448331155e-10j), (-2.640278492406881446e-06+2.222202053080184654e-07j), (-1.045836381506199531e-11-1.388428326788465416e-10j), (-1.510025893280222561e-10+4.814490872349728137e-11j), (-3.008194310121268063e-13-1.388428326788465416e-10j), (-1.985178490971681225e-06+1.719453623901786978e-07j)
 (-2.662303636526429671e-06+1.862495811928126565e-07j), (5.544015469781827116e-10+5.041516077208782514e-10j), (-1.401578044044375620e-10+1.830543181295708203e-11j), (5.595523465155936115e-10+5.041516077208782514e-10j), (-2.661437996208114537e-06+1.874036170894951607e-07j), (-3.244194328053384927e-11-1.166310441975821161e-10j), (-1.162783947907277210e-10+1.830543181295708203e-11j), (-2.228439889648398077e-11-1.166310441975821161e-10j), (-2.000039120967129453e-06+1.452074481174595097e-07j)
 (-2.677646890787824120e-06+1.559787230846412473e-07j), (4.138048273033975280e-10+4.688256285995477534e-10j), (-1.064790744147433820e-10+1.031986595882838338e-12j), (4.189556268408084279e-10+4.688256285995477534e-10j), (-2.677007708153572114e-06+1.570023048686874070e-07j), (-4.838586431496883569e-11-9.977546042015109560e-11j), (-8.259966480103354097e-11+1.031986595882838338e-12j), (-3.822831993091896719e-11-9.977546042015109560e-11j), (-2.011089821786488227e-06+1.219673989780665461e-07j)
 (-2.688746198899127867e-06+1.299768878595877359e-07j), (3.023469959585731334e-10+4.215651958954159528e-10j), (-7.766620881484421878e-11-6.951056347652723937e-12j), (3.074977954959840334e-10+4.215651958954159528e-10j), (-2.688282479657149576e-06+1.308665588880053747e-07j), (-5.861472877942289464e-11-8.595699991929668553e-11j), (-5.378679920113437777e-11-6.951056347652723937e-12j), (-4.845718439537302614e-11-8.595699991929668553e-11j), (-2.019213348409841771e-06+1.020323539601605833e-07j)
 (-2.696682714893303104e-06+1.079072537711842232e-07j), (2.172019426873800128e-10+3.700746637768750597e-10j), (-5.496946440456761342e-11-8.848964281557181414e-12j), (2.223527422247909128e-10+3.700746637768750597e-10j), (-2.696351012357665054e-06+1.086695770929930147e-07j), (-6.466816644143669133e-11-7.382947110211576026e-11j), (-3.109005479085777887e-11-8.848964281557181414e-12j), (-5.451062205738682283e-11-7.382947110211576026e-11j), (-2.025147592833459402e-06+8.511622006999756856e-08j)
 (-2.702318143187288521e-06+8.934883616241474496e-08j), (1.538171338040742118e-10+3.191269067869432629e-10j), (-3.814883484680686624e-11-7.146632963198613306e-12j), (1.589679333414851117e-10+3.191269067869432629e-10j), (-2.702083697083957883e-06+8.999561890584851760e-08j), (-6.814505407088480942e-11-6.290608774945084023e-11j), (-1.426942523309702846e-11-7.146632963198613306e-12j), (-5.798750968683494092e-11-6.290608774945084023e-11j), (-2.029486275990593263e-06+7.088808335056847672e-08j)
 (-2.706314477036641090e-06+7.385501059892203344e-08j), (1.075176578716691182e-10+2.714246773149000175e-10j), (-2.635244701271900894e-11-3.519143261953084327e-12j), (1.126684574090800182e-10+2.714246773149000175e-10j), (-2.706150750741401470e-06+7.440004456767784691e-08j), (-7.019865644844896411e-11-5.318139079253168907e-11j), (-2.473037399009171160e-12-3.519143261953084327e-12j), (-6.004111206439908915e-11-5.318139079253168907e-11j), (-2.032692256149888307e-06+5.900509160882354291e-08j)
 (-2.709165204584205637e-06+6.098954886944091969e-08j), (7.419254592351586978e-11+2.283196353835230881e-10j), (-1.864542753578392561e-11+9.962313525189532405e-13j), (7.934334546092676970e-11+2.283196353835230881e-10j), (-2.709052609864848555e-06+6.144659288653326654e-08j), (-7.149810013065226056e-11-4.482400722865693537e-11j), (5.233982077925912174e-12+9.962313525189532405e-13j), (-6.134055574660239852e-11-4.482400722865693537e-11j), (-2.035115755954646665e-06+4.913278379316302918e-08j)
 (-2.711228120390288557e-06+5.034664763349158441e-08j), (5.050777801668618332e-11+1.903362797942448295e-10j), (-1.425422143741489273e-11+5.768509047875721307e-12j), (5.565857755409708324e-11+1.903362797942448295e-10j), (-2.711152492181234572e-06+5.072833858048867027e-08j), (-7.234891226557788356e-11-3.802496555546248785e-11j), (9.625188176294945051e-12+5.768509047875721307e-12j), (-6.219136788152802152e-11-3.802496555546248785e-11j), (-2.037012726398966007e-06+4.095645942998992657e-08j)
 (-2.712754958062801115e-06+4.156097352630249114e-08j), (3.388167272888622267e-11+1.575318782595892670e-10j), (-1.260816906511541731e-11+1.036051968915842461e-11j), (3.903247226629712260e-11+1.575318782595892670e-10j), (-2.712705981637691589e-06+4.187832746703817246e-08j), (-7.276731532632470865e-11-3.292148856147522711e-11j), (1.127124054859442047e-11+1.036051968915842461e-11j), (-6.260977094227484661e-11-3.292148856147522711e-11j), (-2.038560615736109978e-06+3.418788281815144342e-08j)
 (-2.713915997260523912e-06+3.431210211386730338e-08j), (2.233118209279261313e-11+1.297185974851270086e-10j), (-1.324400113449117491e-11+1.440427426676285430e-11j), (2.748198163020351628e-11+1.297185974851270086e-10j), (-2.713885883887530127e-06+3.457450667985016829e-08j), (-7.250230909703279991e-11-2.950429333673214576e-11j), (1.063540847921866287e-11+1.440427426676285430e-11j), (-6.234476471298292494e-11-2.950429333673214576e-11j), (-2.039871602137134478e-06+2.857060891886532388e-08j)
 (-2.714820583671863202e-06+2.832606895807917526e-08j), (1.429730704989550191e-11+1.065443104425183968e-10j), (-1.567989189773976778e-11+1.757541879627209162e-11j), (1.944810658730640345e-11+1.065443104425183968e-10j), (-2.714803142675631595e-06+2.854159398549023763e-08j), (-7.115294828879256248e-11-2.751247316968115193e-11j), (8.199517715970070001e-12+1.757541879627209162e-11j), (-6.099540390474268751e-11-2.751247316968115193e-11j), (-2.041005700353683215e-06+2.388529303838011094e-08j)
 (-2.715535066841013956e-06+2.337479284135966854e-08j), (8.562254713452176658e-12+8.750051887821253503e-11j), (-1.935995885536478526e-11+1.964227969311033555e-11j), (1.371305425086307820e-11+8.750051887821253503e-11j), (-2.715525322637972764e-06+2.355060266610184170e-08j), (-6.843385687616602173e-11-2.642357199262430332e-11j), (4.519450758345052527e-12+1.964227969311033555e-11j), (-5.827631249211615969e-11-2.642357199262430332e-11j), (-2.041986152386641583e-06+1.995348536615956066e-08j)
