 (1.967686416194083373e-05+1.425144207113371273e-08j), (-4.620522446145926115e-16+5.264142769155697766e-13j), (8.872764827379866498e-15-1.134025352141581013e-12j), (1.758395534303048543e-09+5.264142769155697766e-13j), (1.967629263973116229e-05+1.425119784047253608e-08j), (-4.843477809053685265e-14+6.970018916020960920e-12j), (-4.990340821635842190e-10-1.134025352141581013e-12j), (5.843687295365345572e-09+6.970018916020960920e-12j), (4.529068621899414614e-05+4.721527299591358941e-08j)
 (1.967681053548494077e-05+1.743170588939412584e-08j), (-6.916791877710762516e-16+6.439265249960991417e-13j), (1.327514720880567492e-14-1.387096192988159831e-12j), (1.758395304676105354e-09+6.439265249960991417e-13j), (1.967623901273562464e-05+1.743140711848869912e-08j), (-7.246617506748850845e-14+8.525489877762394076e-12j), (-4.990296797812028736e-10-1.387096192988159831e-12j), (5.843663263968368493e-09+8.525489877762394076e-12j), (4.529051811149039866e-05+5.775194598686928457e-08j)
 (1.967673031240294189e-05+2.132119697774429805e-08j), (-1.035676325751364936e-15+7.876789881167827538e-13j), (1.986140567237184069e-14-1.696611342586046559e-12j), (1.758394960678967356e-09+7.876789881167827538e-13j), (1.967615878884701323e-05+2.132083147107563839e-08j), (-1.084182668733023341e-13+1.042791493350183398e-11j), (-4.990230935227393161e-10-1.696611342586046559e-12j), (5.843627311876562848e-09+1.042791493350183398e-11j), (4.529026661857839275e-05+7.063872655183994031e-08j)
 (1.967661031273713882e-05+2.607769718174810071e-08j), (-1.551319358959912188e-15+9.635374886622839950e-13j), (2.971433719154179125e-14-2.075133969572055499e-12j), (1.758394445035934189e-09+9.635374886622839950e-13j), (1.967603878797614315e-05+2.607725000365120778e-08j), (-1.622009047794751713e-13+1.275453916085931857e-11j), (-4.990132405912200795e-10-2.075133969572055499e-12j), (5.843573529238656474e-09+1.275453916085931857e-11j), (4.528989040543169084e-05+8.639872125644520564e-08j)
 (1.967643083872169286e-05+3.189377329175782327e-08j), (-2.324950590111671085e-15+1.178684433995153874e-12j), (4.445292190148941691e-14-2.538001902476417777e-12j), (1.758393671404702995e-09+1.178684433995153874e-12j), (1.967585931216171780e-05+3.189322613990844772e-08j), (-2.426496599959285353e-13+1.559968550096877306e-11j), (-4.989985020065101799e-10-2.538001902476417777e-12j), (5.843493080483440044e-09+1.559968550096877306e-11j), (4.528932767983877473e-05+1.056705923346050094e-07j)
 (1.967616246827784415e-05+3.900418327843468369e-08j), (-3.487197731498080740e-15+1.441918687699410333e-12j), (6.649698638564118583e-14-3.103922489775643525e-12j), (1.758392509157561605e-09+1.441918687699410333e-12j), (1.967559093903529542e-05+3.900351370524120352e-08j), (-3.629690650757289836e-13+1.907843105629874865e-11j), (-4.989764579420260413e-10-3.103922489775643525e-12j), (5.843372761078360774e-09+1.907843105629874865e-11j), (4.528848610780804979e-05+1.292333529379761050e-07j)
 (1.967576129166101183e-05+4.769464109442216331e-08j), (-5.236724755933464981e-15+1.764027265056559750e-12j), (9.946145725152613752e-14-3.795680010540460268e-12j), (1.758390759630537131e-09+1.764027265056559750e-12j), (1.967518975842506867e-05+4.769382153237007657e-08j), (-5.428814156713467665e-13+2.333099203856077805e-11j), (-4.989434934711601170e-10-3.795680010540460268e-12j), (5.843192848727764827e-09+2.333099203856077805e-11j), (4.528722780797399093e-05+1.580358741383584042e-07j)
 (1.967516186080144503e-05+5.831200334028164015e-08j), (-7.877941215993940437e-15+2.158248783448870151e-12j), (1.487423667758179633e-13-4.640964130570717715e-12j), (1.758388118414077077e-09+2.158248783448870151e-12j), (1.967459032163591210e-05+5.831099986960369673e-08j), (-8.118181752338896852e-13+2.852788374421480740e-11j), (-4.988942125616358326e-10-4.640964130570717715e-12j), (5.842923911968201994e-09+2.852788374421480740e-11j), (4.528534708485399221e-05+1.932314818454557085e-07j)
 (1.967426680956850990e-05+7.127576391711200276e-08j), (-1.188223924640874989e-14+2.640856016435092689e-12j), (2.223849377024127017e-13-5.673316230521478799e-12j), (1.758384114116046787e-09+2.640856016435092689e-12j), (1.967369526163218458e-05+7.127453468626132764e-08j), (-1.213642252992856943e-12+3.487586249290810827e-11j), (-4.988205699907092064e-10-5.673316230521478799e-12j), (5.842522087890443567e-09+3.487586249290810827e-11j), (4.528253752462176187e-05+2.362175634008785199e-07j)
 (1.967293169848842433e-05+8.709038066771598928e-08j), (-1.799023512446660886e-14+3.231895982161638150e-12j), (3.323630779888341453e-13-6.933165392743877762e-12j), (1.758378006120168592e-09+3.231895982161638150e-12j), (1.967236013765391497e-05+8.708887383321546659e-08j), (-1.813596269182121024e-12+4.262452543916168884e-11j), (-4.987105918504228509e-10-6.933165392743877762e-12j), (5.841922133874254050e-09+4.262452543916168884e-11j), (4.527834367696532730e-05+2.886791202464038421e-07j)
 (1.967094316346791876e-05+1.063572713633713452e-07j), (-2.738791201693402995e-14+3.956142421540743128e-12j), (4.964506036424216830e-13-8.468876272973776690e-12j), (1.758368608443276290e-09+3.956142421540743128e-12j), (1.967037158383278808e-05+1.063554223456613317e-07j), (-2.708438992438158336e-12+5.207318283714913010e-11j), (-4.985465043247692012e-10-8.468876272973776690e-12j), (5.841027291150997592e-09+5.207318283714913010e-11j), (4.527209077960512912e-05+3.526332740075318896e-07j)
 (1.966798801645458663e-05+1.297840890720203242e-07j), (-4.202018161327828906e-14+4.844338983534109772e-12j), (7.409253438170269664e-13-1.033763791569448870e-11j), (1.758353976173679807e-09+4.844338983534109772e-12j), (1.966741640978590138e-05+1.297818168161059856e-07j), (-4.041039824660033428e-12+6.357712796624543278e-11j), (-4.983020295845946233e-10-1.033763791569448870e-11j), (5.839694690318776517e-09+6.357712796624543278e-11j), (4.526278404208239180e-05+4.304681700983833483e-07j)
 (1.966361086753269966e-05+1.581868262619892127e-07j), (-6.516603413362789639e-14+5.934841117471603494e-12j), (1.104403907649289554e-12-1.260585503106716272e-11j), (1.758330830321159534e-09+5.934841117471603494e-12j), (1.966303922280986663e-05+1.581840280346363464e-07j), (-6.020966950699840638e-12+7.755156054045784227e-11j), (-4.979385510207623743e-10-1.260585503106716272e-11j), (5.837714763192736636e-09+7.755156054045784227e-11j), (4.524896758087546580e-05+5.249634889376333487e-07j)
 (1.965715882289981024e-05+1.924771207067438785e-07j), (-1.025168131592458751e-13+7.275790350212481454e-12j), (1.643117097611633427e-12-1.534841619904485597e-11j), (1.758293479542133949e-09+7.275790350212481454e-12j), (1.965658712640372817e-05+1.924736647650044823e-07j), (-8.952601035886500037e-12+9.446996374699223358e-11j), (-4.973998378307999791e-10-1.534841619904485597e-11j), (5.834783129107549535e-09+9.446996374699223358e-11j), (4.522853396458972197e-05+6.392695497613368618e-07j)
 (1.964771525213829232e-05+2.336229053563132499e-07j), (-1.642182244562288038e-13+8.927939255839248480e-12j), (2.437805076158300925e-12-1.864575385823725961e-11j), (1.758231778130836830e-09+8.927939255839248480e-12j), (1.964714348911817041e-05+2.336186206601623056e-07j), (-1.327151152469793441e-11+1.148514947510861799e-10j), (-4.966051498522533512e-10-1.864575385823725961e-11j), (5.830464218618738582e-09+1.148514947510861799e-10j), (4.519848237263757797e-05+7.768067636694720670e-07j)
 (1.963403274520959837e-05+2.825665342216418891e-07j), (-2.686900855731613605e-13+1.096808751718512771e-11j), (3.601923763294487001e-12-2.257696004887950549e-11j), (1.758127306269720065e-09+1.096808751718512771e-11j), (1.963346090522326189e-05+2.825611964960885172e-07j), (-1.958721859760442095e-11+1.392289797641144811e-10j), (-4.954410311651171195e-10-2.257696004887950549e-11j), (5.824148511545831587e-09+1.392289797641144811e-10j), (4.515464390542132771e-05+9.410282620900569648e-07j)
 (1.961449056586809481e-05+3.400849042076572872e-07j), (-4.495841637654972966e-13+1.349255012385323805e-11j), (5.289616813491456754e-12-2.720652624158301908e-11j), (1.757946412191527607e-09+1.349255012385323805e-11j), (1.961391865549912429e-05+3.400782186824013005e-07j), (-2.872432680712026289e-11+1.680863964633049969e-10j), (-4.937533381149201788e-10-2.720652624158301908e-11j), (5.815011403336316155e-09+1.680863964633049969e-10j), (4.509143762699920652e-05+1.134974463462712441e-06j)
 (1.958712336142348723e-05+4.065898477196817197e-07j), (-7.675913385413550897e-13+1.661874424663551107e-11j), (7.699432640041191685e-12-3.256214083285016303e-11j), (1.757628405016751738e-09+1.661874424663551107e-11j), (1.958655142969088889e-05+4.065814318561995722e-07j), (-4.174254196388167868e-11+2.017555043287087790e-10j), (-4.913435222883705004e-10-3.256214083285016303e-11j), (5.801993188179554229e-09+2.017555043287087790e-10j), (4.500179990252142911e-05+1.360563980962714500e-06j)
 (1.954978394831170834e-05+4.819062625101098677e-07j), (-1.328141951870159791e-12+2.048058481176754077e-11j), (1.106575934722904019e-11-3.860319500574207827e-11j), (1.757067854403422940e-09+2.048058481176754077e-11j), (1.954921212955360995e-05+4.818956380524445212e-07j), (-5.989997419629605251e-11+2.402729731457573583e-10j), (-4.879771955811825986e-10-3.860319500574207827e-11j), (5.783835755947140378e-09+2.402729731457573583e-10j), (4.487752972669559767e-05+1.617659882275133391e-06j)
 (1.950048298813919506e-05+5.651313477763519600e-07j), (-2.302549547393262540e-12+2.521017029145878581e-11j), (1.562660095095948369e-11-4.518665643967013136e-11j), (1.756093446807899827e-09+2.521017029145878581e-11j), (1.949991156022273225e-05+5.651179589144645237e-07j), (-8.451329532725065091e-11+2.832316621965498011e-10j), (-4.834163539774521147e-10-4.518665643967013136e-11j), (5.759222434816185250e-09+2.832316621965498011e-10j), (4.471033501667620195e-05+1.903180634797766013e-06j)
 (1.943785467139969649e-05+6.547319243783874366e-07j), (-3.941625923634195267e-12+3.089852346675644674e-11j), (2.155955813246465274e-11-5.205086867354457124e-11j), (1.754454370431658932e-09+3.089852346675644674e-11j), (1.943728410987839866e-05+6.547152009006791776e-07j), (-1.166900522968574836e-10+3.297133967697618319e-10j), (-4.774833967959469554e-10-5.205086867354457124e-11j), (5.727045677846578973e-09+3.297133967697618319e-10j), (4.449366823644358536e-05+2.210862906597975395e-06j)
 (1.936154450169164264e-05+7.489886721636324044e-07j), (-6.560228400030058496e-12+3.753806968598023297e-11j), (2.889913249915033536e-11-5.884901718468031496e-11j), (1.751835767955263083e-09+3.753806968598023297e-11j), (1.936097548967539964e-05+7.489681389130784202e-07j), (-1.569960206753258172e-10+3.784269439788794930e-10j), (-4.701438224292612824e-10-5.884901718468031496e-11j), (5.686739709468109942e-09+3.784269439788794930e-10j), (4.422482866244589473e-05+2.532443530422703988e-06j)
 (1.927223175349813774e-05+8.466900117809406144e-07j), (-1.047277452690627347e-11+4.497388515591659952e-11j), (3.748323819059454073e-11-6.525064643021971808e-11j), (1.747923221828386761e-09+4.497388515591659952e-11j), (1.927166510523699094e-05+8.466654047953388983e-07j), (-2.052518010916742443e-10+4.281071168275428640e-10j), (-4.615597167378171094e-10-6.525064643021971808e-11j), (5.638483929051762006e-09+4.281071168275428640e-10j), (4.390601038871565416e-05+2.860472252135932807e-06j)
 (1.917114356082808119e-05+9.477336348313867438e-07j), (-1.589017385452312510e-11+5.291214123281595757e-11j), (4.699035301899818117e-11-7.107447500005147728e-11j), (1.742505822500770069e-09+5.291214123281595757e-11j), (1.917058006116537501e-05+9.477049476747563931e-07j), (-2.606828300097483916e-10+4.780173507295319956e-10j), (-4.520526019094134819e-10-7.107447500005147728e-11j), (5.583052900133687858e-09+4.780173507295319956e-10j), (4.354293562411694384e-05+3.191564098988114400e-06j)
 (1.905924971423983072e-05+1.053257432355432705e-06j), (-2.284032193525111974e-11+6.101341417748071002e-11j), (5.707465954074251085e-11-7.636150498149115340e-11j), (1.735555674420041978e-09+6.101341417748071002e-11j), (1.905868994839606637e-05+1.053224832683878105e-06j), (-3.224321246851846720e-10+5.282125734935676950e-10j), (-4.419682953876691328e-10-7.636150498149115340e-11j), (5.521303605458251630e-09+5.282125734935676950e-10j), (4.314124926459950659e-05+3.527833756280540249e-06j)
 (1.893658192991993461e-05+1.165186765095132849e-06j), (-3.118515712875688585e-11+6.902702528959390459e-11j), (6.751691308084012685e-11-8.132411454485697416e-11j), (1.727210839226536180e-09+6.902702528959390459e-11j), (1.893602621245313663e-05+1.165150405013764564e-06j), (-3.901107040649495529e-10+5.793338559445346003e-10j), (-4.315260418475715362e-10-8.132411454485697416e-11j), (5.453625026078486749e-09+5.793338559445346003e-10j), (4.270292652874219607e-05+3.875196462165335593e-06j)
 (1.880207132194314365e-05+1.285474453996999908e-06j), (-4.073530393535118526e-11+7.686620632093197279e-11j), (7.828784290324762803e-11-8.620358630004588521e-11j), (1.717660692419941919e-09+7.686620632093197279e-11j), (1.880151977919398512e-05+1.285434281764689441e-06j), (-4.640062512633536498e-10+6.320865460796276060e-10j), (-4.207551120251639962e-10-8.620358630004588521e-11j), (5.379729478880082807e-09+6.320865460796276060e-10j), (4.222517849940997858e-05+4.239744260559049660e-06j)
 (1.865393920449121023e-05+1.415526421471915365e-06j), (-5.137124491205762188e-11+8.457070499397314748e-11j), (8.949511647719228755e-11-9.113599453025027235e-11j), (1.707024751443235605e-09+8.457070499397314748e-11j), (1.865339195971691359e-05+1.415482105783003641e-06j), (-5.448666880548642557e-10+6.867883911851900964e-10j), (-4.095478384512193755e-10-9.113599453025027235e-11j), (5.298869042088572098e-09+6.867883911851900964e-10j), (4.170221636934387744e-05+4.624894916147052704e-06j)
 (1.849026856791173253e-05+1.556132503905198778e-06j), (-6.308237942503274766e-11+9.220953565753730126e-11j), (1.012704082358576844e-10-9.609484729221445116e-11j), (1.695313616930260376e-09+9.220953565753730126e-11j), (1.848972591893433364e-05+1.556083495738788669e-06j), (-6.335161773935467994e-10+7.432392111463469141e-10j), (-3.977725466925539398e-10-9.609484729221445116e-11j), (5.210219552749889657e-09+7.432392111463469141e-10j), (4.112796490227727442e-05+5.030980288988679145e-06j)
 (1.830931011881517672e-05+1.707776303579969910e-06j), (-7.592929512444692233e-11+9.981875716735853928e-11j), (1.136676568854983685e-10-1.009054983161207868e-10j), (1.682466701230846266e-09+9.981875716735853928e-11j), (1.830877264084671680e-05+1.707721969259881504e-06j), (-7.306064977641059308e-10+8.008336835404192232e-10j), (-3.853752980429132816e-10-1.009054983161207868e-10j), (5.113129232379330629e-09+8.008336835404192232e-10j), (4.049754963664772085e-05+5.456641637554125287e-06j)
 (1.810941684393604256e-05+1.870927025976947942e-06j), (-9.000934059524470202e-11+1.074026600484201637e-10j), (1.266003883951614448e-10-1.052825840800042652e-10j), (1.668386655760048447e-09+1.074026600484201637e-10j), (1.810888545583714789e-05+1.870866781680430294e-06j), (-8.365661794967214771e-10+8.586493612862731627e-10j), (-3.724425665332502053e-10-1.052825840800042652e-10j), (5.007169550646714669e-09+8.586493612862731627e-10j), (3.980707702577833390e-05+5.900149672685908047e-06j)
 (1.788885482669448165e-05+2.046083393539197869e-06j), (-1.054736983375846098e-10+1.149424936272447422e-10j), (1.397930858872823732e-10-1.088609576438436967e-10j), (1.652922298017708423e-09+1.149424936272447422e-10j), (1.788833091895114180e-05+2.046016883861437506e-06j), (-9.515530278467133539e-10+9.153597536858579286e-10j), (-3.592498690411292510e-10-1.088609576438436967e-10j), (4.892182702296722793e-09+9.153597536858579286e-10j), (3.905288047585009126e-05+6.359602927447881575e-06j)
 (1.764572493846516840e-05+2.233665341004260420e-06j), (-1.225707460244214226e-10+1.223516733030055891e-10j), (1.527208919342689084e-10-1.112309256293045966e-10j), (1.635825250330871688e-09+1.223516733030055891e-10j), (1.764521059973887199e-05+2.233592842799591231e-06j), (-1.075192932418539946e-09+9.690696304048658777e-10j), (-3.463220629941427417e-10-1.112309256293045966e-10j), (4.768542797724896200e-09+9.690696304048658777e-10j), (3.823130047192051803e-05+6.832487340519246911e-06j)
 (1.737799309039951285e-05+2.433921869923162710e-06j), (-1.416750060448401119e-10+1.293627840924977766e-10j), (1.645290752154454351e-10-1.119981148662525255e-10j), (1.616720990310453128e-09+1.293627840924977766e-10j), (1.737749129559622939e-05+2.433845225664221151e-06j), (-1.206056712369936867e-09+1.017332977845978961e-09j), (-3.345138797129661892e-10-1.119981148662525255e-10j), (4.637679017773499279e-09+1.017332977845978961e-09j), (3.733894665044807417e-05+7.315379256812947929e-06j)
 (1.708353650794228559e-05+2.646879650479220427e-06j), (-1.632960028585262083e-10+1.353145250758945100e-10j), (1.738826753350438957e-10-1.109419208349402552e-10j), (1.595099993496766825e-09+1.353145250758945100e-10j), (1.708305082795545359e-05+2.646804028325660462e-06j), (-1.341034685111893088e-09+1.057616993575646547e-09j), (-3.251602795933677802e-10-1.109419208349402552e-10j), (4.502701045031543472e-09+1.057616993575646547e-09j), (3.637300134393389451e-05+7.803892566314439249e-06j)
 (1.676019117544780591e-05+2.872287131635312425e-06j), (-1.880134885640999830e-10+1.387178253636374038e-10j), (1.788046994723782367e-10-1.085050254606085828e-10j), (1.570382507791193179e-09+1.387178253636374038e-10j), (1.675972422692685587e-05+2.872223700852216155e-06j), (-1.474988772152677979e-09+1.088377312050124476e-09j), (-3.202382554560334134e-10-1.085050254606085828e-10j), (4.368746957990757961e-09+1.088377312050124476e-09j), (3.533148565542890845e-05+8.292674887036493873e-06j)
 (1.640582897992805747e-05+3.109549832272482844e-06j), (-2.161105323532924205e-10+1.364604491157199380e-10j), (1.769499036990646522e-10-1.068701396461051521e-10j), (1.542285464002000819e-09+1.364604491157199380e-10j), (1.640537868048835032e-05+3.109518939234734670e-06j), (-1.601169541533426367e-09+1.110632699673242309e-09j), (-3.220930512293469979e-10-1.068701396461051521e-10j), (4.242566188610010194e-09+1.110632699673242309e-09j), (3.421357660053410968e-05+8.775443422271252185e-06j)
 (1.601847348713197715e-05+3.357678652901504062e-06j), (-2.464495813780405617e-10+1.226850919110388211e-10j), (1.672517819806583447e-10-1.112778327395483017e-10j), (1.511946414977252523e-09+1.226850919110388211e-10j), (1.601802647014636844e-05+3.357712648161016925e-06j), (-1.712758669520840387e-09+1.129594490768072322e-09j), (-3.317911729477533313e-10-1.112778327395483017e-10j), (4.130977060622595553e-09+1.129594490768072322e-09j), (3.301996411633849180e-05+9.245138221583371342e-06j)
 (1.559644946493819672e-05+3.615270111337596871e-06j), (-2.740041156371116858e-10+8.784918671692638818e-11j), (1.535094097813267436e-10-1.298488102072315110e-10j), (1.484391880718181554e-09+8.784918671692638818e-11j), (1.559597128385332933e-05+3.615415017524400944e-06j), (-1.805530234614412633e-09+1.155855417338009793e-09j), (-3.455335451470849324e-10-1.298488102072315110e-10j), (4.038205495529023100e-09+1.155855417338009793e-09j), (3.175318403201294183e-05+9.694229992030070335e-06j)
 (1.513855772017016653e-05+3.880538631375837415e-06j), (-2.858283825107136596e-10+1.928181630670660775e-11j), (1.482030525835454136e-10-1.694114275567407512e-10j), (1.472567613844579477e-09+1.928181630670660775e-11j), (1.513797890553759718e-05+3.880853698588836917e-06j), (-1.881632737317556722e-09+1.205633202313048548e-09j), (-3.508399023448662365e-10-1.694114275567407512e-10j), (3.962102992825879838e-09+1.205633202313048548e-09j), (3.041785893097486511e-05+1.011519656221151193e-05j)
 (1.464425817545695577e-05+4.151428614998345648e-06j), (-2.565508659147930858e-10-9.486980140610556179e-11j), (1.719984023345368318e-10-2.271366061291888313e-10j), (1.501845130440500102e-09-9.486980140610556179e-11j), (1.464345451864836903e-05+4.151980700377452378e-06j), (-1.954291970570999228e-09+1.298922059028807215e-09j), (-3.270445525938748183e-10-2.271366061291888313e-10j), (3.889443759572436919e-09+1.298922059028807215e-09j), (2.902076610443287609e-05+1.050117025514397075e-05j)
 (1.411382249172187095e-05+4.425840543031219354e-06j), (-1.464171071085227753e-10-2.572520473747405952e-10j), (2.450521736014866350e-10-2.828634602033166002e-10j), (1.611978889246770439e-09-2.572520473747405952e-10j), (1.411259017210928559e-05+4.426686067556982472e-06j), (-2.051714835336817886e-09+1.453720679888528262e-09j), (-2.539907813269250151e-10-2.828634602033166002e-10j), (3.792020894806617847e-09+1.453720679888528262e-09j), (2.757062822686943659e-05+1.084673196661226842e-05j)
 (1.354838061041962555e-05+4.701991820927859812e-06j), (9.441675505962116513e-11-4.501930580881554485e-10j), (3.723677234631432716e-10-2.995389859412276315e-10j), (1.852812751414914340e-09-4.501930580881554485e-10j), (1.354641419235773445e-05+4.703136849634465017e-06j), (-2.215981435063466586e-09+1.676314389423184923e-09j), (-1.266752314652683785e-10-2.995389859412276315e-10j), (3.627754295079969561e-09+1.676314389423184923e-09j), (2.607750102886116538e-05+1.114876040555404016e-05j)
 (1.294975939578952816e-05+4.978876815929501087e-06j), (5.139599278972669196e-10-6.264181508515658180e-10j), (5.310937558776827300e-10-2.340488889342903301e-10j), (2.272355924252560159e-09-6.264181508515658180e-10j), (1.294665006383835835e-05+4.980211500955116872e-06j), (-2.493307498788460791e-09+1.952428526670650473e-09j), (3.205080094927107985e-11-2.340488889342903301e-10j), (3.350428231354975355e-09+1.952428526670650473e-09j), (2.455167381577674394e-05+1.140712700057418005e-05j)
 (1.232005045072622364e-05+5.256711417753292040e-06j), (1.141558303117037210e-09-7.059987826352617595e-10j), (6.649076587777602543e-10-5.356263328938044712e-11j), (2.899954299472330554e-09-7.059987826352617595e-10j), (1.231532345865782255e-05+5.257928878309131476e-06j), (-2.918572894912689387e-09+2.247048089459176475e-09j), (1.658647038493486042e-10-5.356263328938044712e-11j), (2.925162835230746760e-09+2.247048089459176475e-09j), (2.300216805421358881e-05+1.162494368010296397e-05j)
 (1.166095907042513325e-05+5.537234868323957031e-06j), (1.970807077598345571e-09-5.807923281126068544e-10j), (6.839324915385569345e-10+2.456590889103224471e-10j), (3.729203073953638501e-09-5.807923281126068544e-10j), (1.165415691928311679e-05+5.537755612087143671e-06j), (-3.504813564904721694e-09+2.515358896653368636e-09j), (1.848895366101452844e-10+2.456590889103224471e-10j), (2.338922165238714452e-09+2.515358896653368636e-09j), (2.143515651574662916e-05+1.180817861200086376e-05j)
 (1.097306468303401083e-05+5.823861054061184383e-06j), (2.945216377293403714e-09-1.252598347258195386e-10j), (4.723653308073618548e-10+6.126459413436734870e-10j), (4.703612373648696644e-09-1.252598347258195386e-10j), (1.096386545449366733e-05+5.822779079742636553e-06j), (-4.247677102529879650e-09+2.715283441745610182e-09j), (-2.667762412104979528e-11+6.126459413436734870e-10j), (1.596058627613556496e-09+2.715283441745610182e-09j), (1.985268069571102196e-05+1.196477483734607339e-05j)
 (1.025501485205376981e-05+6.121807220911415839e-06j), (3.947756357374980316e-09+7.870764792406835288e-10j), (-8.167155263772757725e-11+9.106315822183398890e-10j), (5.706152353730273245e-09+7.870764792406835288e-10j), (1.024337379444800553e-05+6.117858048533971030e-06j), (-5.141263962959532237e-09+2.805043249516547948e-09j), (-5.807145075661392144e-10+9.106315822183398890e-10j), (7.024717671839039096e-10+2.805043249516547948e-09j), (1.825173577082968152e-05+1.210362440935316230e-05j)
 (9.502430346632108958e-06+6.438233063738516818e-06j), (4.795494478380902366e-09+2.261346706588727294e-09j), (-1.021656521516529953e-09+9.021909297155588199e-10j), (6.553890474736195295e-09+2.261346706588727294e-09j), (9.488750686960894235e-06+6.429783441269400744e-06j), (-6.184792283777424414e-09+2.719319424627353787e-09j), (-1.520699476444941603e-09+9.021909297155588199e-10j), (-3.410565536339882670e-10+2.719319424627353787e-09j), (1.662338539687208640e-05+1.223346684123325609e-05j)
 (8.706223006360242677e-06+6.782035368936355965e-06j), (5.241000655034405459e-09+4.353981262687442934e-09j), (-2.237292007554696836e-09+2.810741840995087195e-10j), (6.999396651389698389e-09+4.353981262687442934e-09j), (8.691573532863925379e-06+6.767124111918304714e-06j), (-7.358071405175685676e-09+2.342328043875039737e-09j), (-2.736334962483108486e-09+2.810741840995087195e-10j), (-1.514335675032249529e-09+2.342328043875039737e-09j), (1.495168412683385708e-05+1.236110273342167648e-05j)
 (7.850374908329219129e-06+7.162570317983250713e-06j), (4.980519751722170188e-09+7.042741950205175763e-09j), (-3.398874600177817866e-09-1.236824428766328319e-09j), (6.738915748077463118e-09+7.042741950205175763e-09j), (7.836747284097128282e-06+7.139071967107049324e-06j), (-8.567505885676612328e-09+1.512991686517267333e-09j), (-3.897917555106229516e-09-1.236824428766328319e-09j), (-2.723770155533176182e-09+1.512991686517267333e-09j), (1.321309461020407427e-05+1.248799821850717094e-05j)
 (6.909885582063674125e-06+7.586616080439869520e-06j), (3.667621216504457829e-09+1.019495511848859367e-08j), (-3.959248261546845587e-09-3.776006782313665738e-09j), (5.426017212859750759e-09+1.019495511848859367e-08j), (6.900418854086790414e-06+7.552611768941032248e-06j), (-9.597526908805935558e-09+8.524851233182940625e-11j), (-4.458291216475256824e-09-3.776006782313665738e-09j), (-3.753791178662499412e-09+8.524851233182940625e-11j), (1.137823113366811156e-05+1.260510107333008683e-05j)
 (5.850209853932911470e-06+8.053403906483949976e-06j), (9.396233917039152509e-10+1.353029437638096663e-08j), (-3.266648726587589647e-09-7.150040843573657928e-09j), (2.698019388059208594e-09+1.353029437638096663e-08j), (5.849235013671918732e-06+8.007793986759535087e-06j), (-1.011787045533535886e-08-1.970033604318247149e-09j), (-3.765691681516001297e-09-7.150040843573657928e-09j), (-4.274134725191922716e-09-1.970033604318247149e-09j), (9.418108687101219955e-06+1.268735736777040346e-05j)
 (4.629897004801842957e-06+8.548297292282829263e-06j), (-3.515626903202488918e-09+1.658014242948526252e-08j), (-8.118244964378348716e-10-1.076527234670831490e-08j), (-1.757230906847195781e-09+1.658014242948526252e-08j), (4.642610659785176720e-06+8.491586102201379463e-06j), (-9.779872645771605402e-09-4.471454795305417685e-09j), (-1.310867451366246418e-09-1.076527234670831490e-08j), (-3.936136915628169255e-09-4.471454795305417685e-09j), (7.315893374967319689e-06+1.269112859201897003e-05j)
 (3.208275268956558456e-06+9.036660238974323568e-06j), (-9.814722194454067986e-09+1.867155185150086326e-08j), (3.440787720284239362e-09-1.368841884579741317e-08j), (-8.056326198098774229e-09+1.867155185150086326e-08j), (3.239859645599219202e-06+8.971705093969622921e-06j), (-8.386961830609971092e-09-7.007067083133095978e-09j), (2.941744765355827712e-09-1.368841884579741317e-08j), (-2.543226100466534945e-09-7.007067083133095978e-09j), (5.082212060295365828e-06+1.255842808646603958e-05j)
 (1.559379727582738015e-06+9.460893428351873372e-06j), (-1.765207381024764799e-08+1.900112448122660415e-08j), (8.810556884733916576e-09-1.495223976659080785e-08j), (-1.589367781389235589e-08+1.900112448122660415e-08j), (1.613502116264870103e-06+9.393238683480679282e-06j), (-6.061353410257642414e-09-9.034846383019052573e-09j), (8.311513929805505339e-09-1.495223976659080785e-08j), (-2.176176801142062670e-10-9.034846383019052573e-09j), (2.767869021043557363e-06+1.223044086475375073e-05j)
 (-3.094766742959516651e-07+9.745132389218864581e-06j), (-2.609128414722652520e-08+1.687249716293763017e-08j), (1.398318182608773491e-08-1.401703659726077896e-08j), (-2.433288815087123310e-08+1.687249716293763017e-08j), (-2.324958614045022961e-07+9.682428331380860107e-06j), (-3.285552005075856836e-09-1.009102450828447890e-08j), (1.348413887115932368e-08-1.401703659726077896e-08j), (2.558183725067579311e-09-1.009102450828447890e-08j), (4.647575546967559171e-07+1.166808577406198206e-05j)
 (-2.341739945430211756e-06+9.811423546161760699e-06j), (-3.359715999855008248e-08+1.208087701572873309e-08j), (1.751844091797642641e-08-1.111498668808430247e-08j), (-3.183876400219479038e-08+1.208087701572873309e-08j), (-2.246221788068046002e-06+9.761643012672874099e-06j), (-7.354127811970457628e-10-1.000353915696671789e-08j), (1.701939796304801517e-08-1.111498668808430247e-08j), (5.108322948946389970e-09-1.000353915696671789e-08j), (-1.711429993761955364e-06+1.087078006742074580e-05j)
 (-4.430507528244796299e-06+9.605278019740688127e-06j), (-3.849863120797281117e-08+5.230664360116855178e-09j), (1.854650238563239631e-08-7.184581446656569947e-09j), (-3.674023521161751907e-08+5.230664360116855178e-09j), (-4.325032700112816872e-06+9.574211139118159002e-06j), (1.027987983874530513e-09-8.961528164323072779e-09j), (1.804745943070398508e-08-7.184581446656569947e-09j), (6.871723714017966660e-09-8.961528164323072779e-09j), (-3.652338878168919075e-06+9.881953019433962443e-06j)
 (-6.440704041152833288e-06+9.118940142426253429e-06j), (-3.973922102634691714e-08-2.336541237665201679e-09j), (1.716624196965302374e-08-3.382304779599343477e-09j), (-3.798082502999162503e-08-2.336541237665201679e-09j), (-6.335702210092376921e-06+9.108296195861830151e-06j), (1.794458188271000021e-09-7.382171218454973040e-09j), (1.666719901472461250e-08-3.382304779599343477e-09j), (7.638193918414435961e-09-7.382171218454973040e-09j), (-5.286423571127875679e-06+8.776657222604531872e-06j)
 (-8.247496978957401411e-06+8.397254850978032905e-06j), (-3.739079825739413092e-08-9.083634788603502434e-09j), (1.425101900816144944e-08-5.238192066131640442e-10j), (-3.563240226103883882e-08-9.083634788603502434e-09j), (-8.152002678532789461e-06+8.404567730269337428e-06j), (1.705853194928543303e-09-5.686441982121691172e-09j), (1.375197605323303820e-08-5.238192066131640442e-10j), (7.549588925071979449e-09-5.686441982121691172e-09j), (-6.591662963612906622e-06+7.638547763294419702e-06j)
 (-9.769929810692386517e-06+7.521411294036142252e-06j), (-3.251554457021853520e-08-1.392926478693256487e-08j), (1.087405806261560096e-08+1.156164463144263312e-09j), (-3.075714857386324310e-08-1.392926478693256487e-08j), (-9.689386943874824627e-06+7.541645687690149907e-06j), (1.075479525342334637e-09-4.150741900439587626e-09j), (1.037501510768718972e-08+1.156164463144263312e-09j), (6.919215255485770577e-09-4.150741900439587626e-09j), (-7.588820413213949847e-06+6.539093725502104824e-06j)
 (-1.098256060612520939e-05+6.581486205661299208e-06j), (-2.653901221653923236e-08-1.655095915998511537e-08j), (7.820590584351762334e-09+1.866082845907694640e-09j), (-2.478061622018394026e-08-1.655095915998511537e-08j), (-1.091855656668730895e-05+6.609114441720074715e-06j), (2.035044052851079073e-10-2.890882585244479523e-09j), (7.321547629423351097e-09+1.866082845907694640e-09j), (6.047240135428544261e-09-2.890882585244479523e-09j), (-8.324146764907170034e-06+5.527053168957844697e-06j)
 (-1.190519193807028779e-05+5.653571819338287080e-06j), (-2.064907582067756266e-08-1.724408625241557646e-08j), (5.438050904448900070e-09+1.972635667454916907e-09j), (-1.889067982432227055e-08-1.724408625241557646e-08j), (-1.185655466339846599e-05+5.684004858148487168e-06j), (-7.067025412626749643e-10-1.918628013449964830e-09j), (4.939007949520488833e-09+1.972635667454916907e-09j), (5.137033188880760872e-09-1.918628013449964830e-09j), (-8.852199316826866982e-06+4.628024092916263630e-06j)
 (-1.258295460685707572e-05+4.789391745611139629e-06j), (-1.553937066367831576e-08-1.658255002952855700e-08j), (3.745487745866513715e-09+1.793162589257074141e-09j), (-1.378097466732302200e-08-1.658255002952855700e-08j), (-1.254715694646476974e-05+4.819484305031620911e-06j), (-1.546837957243818914e-09-1.199674850285920097e-09j), (3.246444790938102065e-09+1.793162589257074141e-09j), (4.296897772899616819e-09-1.199674850285920097e-09j), (-9.224364646957911268e-06+3.849552003435489301e-06j)
 (-1.306834736422297143e-05+4.016718699298077859e-06j), (-1.145793769149453265e-08-1.513889594919103707e-08j), (2.609554105480375975e-09+1.525586603801222327e-09j), (-9.699541695139238889e-09-1.513889594919103707e-08j), (-1.304256288053830330e-05+4.044652246863084425e-06j), (-2.271675685740973366e-09-6.870758324690921529e-10j), (2.110511150551964325e-09+1.525586603801222327e-09j), (3.572060044402462781e-09-6.870758324690921529e-10j), (-9.483498802136792029e-06+3.187510589258451092e-06j)
 (-1.341006327999964037e-05+3.345110553866788312e-06j), (-8.374731962092901091e-09-1.335245130489838589e-08j), (1.869375867944712208e-09+1.265278183056240620e-09j), (-6.616335965737608162e-09-1.335245130489838589e-08j), (-1.339173999457322114e-05+3.370040092497262639e-06j), (-2.870273154894031492e-09-3.349199110888621252e-10j), (1.370332913016300558e-09+1.265278183056240620e-09j), (2.973462575249404655e-09-3.349199110888621252e-10j), (-9.662760579359513274e-06+2.631461779510630505e-06j)
 (-1.364815686949482327e-05+2.772518602200494034e-06j), (-6.133565822690793653e-09-1.150933700936430715e-08j), (1.391563458966451067e-09+1.045854884654948854e-09j), (-4.375169826335500723e-09-1.150933700936430715e-08j), (-1.363523235107154342e-05+2.794216942707972280e-06j), (-3.348654280151231830e-09-1.024176135136975962e-10j), (8.925205040380394169e-10+1.045854884654948854e-09j), (2.495081449992204317e-09-1.024176135136975962e-10j), (-9.786574093376601406e-06+2.168360787796269434e-06j)
 (-1.381324299655912799e-05+2.290640379953787237e-06j), (-4.546511665462248918e-09-9.771848840573134134e-09j), (1.081266077318265608e-09+8.715332676685979332e-10j), (-2.788115669106955989e-09-9.771848840573134134e-09j), (-1.380415959944603695e-05+2.309225501563153161e-06j), (-3.721257227255165639e-09+4.487171844804789665e-11j), (5.822231223898539574e-10+8.715332676685979332e-10j), (2.122478502888270508e-09+4.487171844804789665e-11j), (-9.872330518432599492e-06+1.784798320371252729e-06j)
 (-1.392762459588514501e-05+1.888546622819171210e-06j), (-3.440064306594087734e-09-8.216842760732025292e-09j), (8.761658582450613139e-10+7.352610759259819950e-10j), (-1.681668310238794597e-09-8.216842760732025292e-09j), (-1.392125651476053440e-05+1.904300185539082110e-06j), (-4.006469553373224735e-09+1.341729114572418363e-10j), (3.771229033166496638e-10+7.352610759259819950e-10j), (1.837266176770211412e-09+1.341729114572418363e-10j), (-9.932111604386348997e-06+1.468202705307364272e-06j)
 (-1.400703408745073035e-05+1.554849639079873821e-06j), (-2.672934797472674617e-09-6.867906183329456620e-09j), (7.373936838707014402e-10+6.272978123142253886e-10j), (-9.145388011173814805e-10-6.867906183329456620e-09j), (-1.400258812896298976e-05+1.568108944440079261e-06j), (-4.223248762594774311e-09+1.850861231326091451e-10j), (2.383507289422897901e-10+6.272978123142253886e-10j), (1.620486967548661836e-09+1.850861231326091451e-10j), (-9.974154373014157860e-06+1.207387322881093876e-06j)
 (-1.406233997956518982e-05+1.278851972728880533e-06j), (-2.139328663671077728e-09-5.718969285800325543e-09j), (6.416185009248416303e-10+5.390742233288077000e-10j), (-3.809326673157845916e-10-5.718969285800325543e-09j), (-1.405926158090711742e-05+1.289953678541179760e-06j), (-4.388268440365372981e-09+2.104386878538863686e-10j), (1.425755459964299802e-10+5.390742233288077000e-10j), (1.455467289778063166e-09+2.104386878538863686e-10j), (-1.000399896252498393e-05+9.927186695446543618e-07j)
 (-1.410096948200176544e-05+1.051053659732653129e-06j), (-1.764878500798927997e-09-4.750361439605947624e-09j), (5.749260497542880474e-10+4.645863599238263986e-10j), (-6.482504443634860977e-12-4.750361439605947624e-09j), (-1.409886843500830577e-05+1.060310190896772996e-06j), (-4.514399403044394257e-09+2.182413555282133450e-10j), (7.588309482587639734e-11+4.645863599238263986e-10j), (1.329336327099041889e-09+2.182413555282133450e-10j), (-1.002534904038752137e-05+8.160780595162973253e-07j)
 (-1.412799259368544596e-05+8.632884471471752314e-07j), (-1.499456251540536369e-09-3.938460392134671862e-09j), (5.284698684380405113e-10+4.002138644144173459e-10j), (2.589397448147567674e-10-3.938460392134671862e-09j), (-1.412659054393312419e-05+8.709803923791434090e-07j), (-4.610823259363157422e-09+2.138436732436431824e-10j), (2.942691350962886122e-11+4.002138644144173459e-10j), (1.232912470780278724e-09+2.138436732436431824e-10j), (-1.004069318745770295e-05+6.707182242002786404e-07j)
 (-1.414689518788241906e-05+7.086653505298091284e-07j), (-1.309773596707510376e-09-3.260372086485174733e-09j), (4.961147103466293617e-10+3.437781353370015405e-10j), (4.486223996477827601e-10-3.260372086485174733e-09j), (-1.414599127025838280e-05+7.150404842155039600e-07j), (-4.684065681328510510e-09+2.013641057738785942e-10j), (-2.928244581782288372e-12+3.437781353370015405e-10j), (1.159670048814925637e-09+2.013641057738785942e-10j), (-1.005173376271499249e-05+5.510776481488069864e-07j)
 (-1.416010044763773258e-05+5.814280208790997650e-07j), (-1.173468634357313235e-09-2.695524226463424278e-09j), (4.734279031501575521e-10+2.937797807461225425e-10j), (5.849273619979799011e-10-2.695524226463424278e-09j), (-1.415954945170143353e-05+5.867016871028964088e-07j), (-4.739113097113209085e-09+1.841912096987160829e-10j), (-2.561505177825409804e-11+2.937797807461225425e-10j), (1.104622633030227062e-09+1.841912096987160829e-10j), (-1.005966450831147435e-05+4.525915128334818863e-07j)
 (-1.416930822440480318e-05+4.767934618830841829e-07j), (-1.075211576282443593e-09-2.225887770345491675e-09j), (4.573456606015520350e-10+2.492445158170431642e-10j), (6.831844200728495432e-10-2.225887770345491675e-09j), (-1.416900589438778077e-05+4.811500175690138634e-07j), (-4.780045739656839467e-09+1.649119888097726608e-10j), (-4.169729432685961511e-11+2.492445158170431642e-10j), (1.063689990486596679e-09+1.649119888097726608e-10j), (-1.006534161676377997e-05+3.715194153077689214e-07j)
 (-1.417571570603131447e-05+3.907995550846327851e-07j), (-1.004273957603516884e-09-1.835906662950529807e-09j), (4.458638686675897447e-10+2.096594413748217049e-10j), (7.541220387517762524e-10-1.835906662950529807e-09j), (-1.417558802887697349e-05+3.943944819203817410e-07j), (-4.810272546838434389e-09+1.452256197599130282e-10j), (-5.317908626082190540e-11+2.096594413748217049e-10j), (1.033463183305001758e-09+1.452256197599130282e-10j), (-1.006938723157240417e-05+3.047969885209052604e-07j)
 (-1.418016524275936938e-05+3.201694040819891856e-07j), (-9.530773696015076529e-10-1.512391361162700419e-09j), (4.376862631249827876e-10+1.748770494987800258e-10j), (8.053186267537854836e-10-1.512391361162700419e-09j), (-1.418016014083880490e-05+3.231327228450515087e-07j), (-4.832514351251745160e-09+1.261203780516783655e-10j), (-6.135669180342886254e-11+1.748770494987800258e-10j), (1.011221378891690987e-09+1.261203780516783655e-10j), (-1.007225546652659628e-05+2.499100185460538233e-07j)
 (-1.418324781248019844e-05+2.621950565502399257e-07j), (-9.162097405341976473e-10-1.244324223888118092e-09j), (4.319341208287346540e-10+1.448244099765186398e-10j), (8.421862558210954891e-10-1.244324223888118092e-09j), (-1.418332884558008261e-05+2.646349086861482214e-07j), (-4.848847634512859866e-09+1.081603336664988103e-10j), (-6.710883409967699613e-11+1.448244099765186398e-10j), (9.948880956305762801e-10+1.081603336664988103e-10j), (-1.007427755772187457e-05+2.047900177132971435e-07j)
 (-1.418537710309225990e-05+2.146390431096931135e-07j), (-8.897696797151226581e-10-1.022537929850134052e-09j), (4.279587354719370818e-10+1.193228553509359065e-10j), (8.686263166401704784e-10-1.022537929850134052e-09j), (-1.418551867157298352e-05+2.166455124525332778e-07j), (-4.860784216731978994e-09+9.171603501300277494e-11j), (-7.108421945647456832e-11+1.193228553509359065e-10j), (9.829515134114571529e-10+9.171603501300277494e-11j), (-1.007569417441979735e-05+1.677291151673575104e-07j)
