 (2.408231961414552993e-04+2.367701900941248756e-06j), (9.419146594515808006e-08-2.060180840578684590e-06j), (-2.025614905647246144e-13+6.825285122210483133e-12j), (-8.934296461739961470e-05-2.060180840578684590e-06j), (3.711448365166544034e-04+4.810032342068696395e-06j), (9.964666429510551807e-13-1.784033419295261079e-11j), (1.975784913315324726e-09+6.825285122210483133e-12j), (-2.251193788735128178e-10-1.784033419295261079e-11j), (7.012970020092041681e-05+2.718199520126081840e-07j)
 (2.407770803746660043e-04+2.893321859367859729e-06j), (1.407156604356542821e-07-2.516925708342020967e-06j), (-3.025766733076196256e-13+8.340659059666028319e-12j), (-8.929644042290911423e-05-2.516925708342020967e-06j), (3.710454662687026530e-04+5.877315079610826585e-06j), (1.488126605943830184e-12-2.178612390335579894e-11j), (1.975684898132582130e-09+8.340659059666028319e-12j), (-2.246277189105200594e-10-2.178612390335579894e-11j), (7.012528744823341210e-05+3.322177033845129609e-07j)
 (2.407083153240605772e-04+3.533902642301002695e-06j), (2.100600859658441745e-07-3.073067041079833743e-06j), (-4.516032915384450345e-13+1.018762078026649397e-11j), (-8.922709599737892834e-05-3.073067041079833743e-06j), (3.708973146248695837e-04+7.177595461242095624e-06j), (2.220303092981103015e-12-2.658283981689133965e-11j), (1.975535871514350971e-09+1.018762078026649397e-11j), (-2.238955424234827876e-10-2.658283981689133965e-11j), (7.011870807251179222e-05+4.058708745764324579e-07j)
 (2.406059488064078624e-04+4.313177811818982320e-06j), (3.132232652679713469e-07-3.748711762731333641e-06j), (-6.732029058238860264e-13+1.243474854416852579e-11j), (-8.912393281807679034e-05-3.748711762731333641e-06j), (3.706768216511702380e-04+8.758617538833054545e-06j), (3.308137123811800725e-12-3.239624448934068514e-11j), (1.975314271900065788e-09+1.243474854416852579e-11j), (-2.228077083926520895e-10-3.239624448934068514e-11j), (7.010891516670518108e-05+4.955541801169503513e-07j)
 (2.404539405313688345e-04+5.258636612806435686e-06j), (4.662690120313111767e-07-4.566796410347130564e-06j), (-1.001706568668457701e-12+1.516157073672588013e-11j), (-8.897088707131345549e-05-4.566796410347130564e-06j), (3.703495170714483898e-04+1.067537456641716771e-05j), (4.918866778323322691e-12-3.940999917292700119e-11j), (1.974985768237221036e-09+1.516157073672588013e-11j), (-2.211969787381405614e-10-3.940999917292700119e-11j), (7.009437634146775166e-05+6.045147971529977499e-07j)
 (2.402290462602036552e-04+6.401178576894524403e-06j), (6.923784248511994069e-07-5.552454904622288518e-06j), (-1.486464541796245141e-12+1.845765687130460509e-11j), (-8.874477765849356561e-05-5.552454904622288518e-06j), (3.698655264983262566e-04+1.298911760047892447e-05j), (7.291842486639676404e-12-4.781539589463149853e-11j), (1.974501010264093444e-09+1.845765687130460509e-11j), (-2.188240030298241948e-10-4.781539589463149853e-11j), (7.007287278650210392e-05+7.364656789085490014e-07j)
 (2.398981132040585397e-04+7.773864671839398295e-06j), (1.024403180341361672e-06-6.731378730508144562e-06j), (-2.196936363653379416e-12+2.241914013523291141e-11j), (-8.841275290300340409e-05-6.731378730508144562e-06j), (3.691538832161105391e-04+1.576433242673053170e-05j), (1.076208170563811788e-11-5.778947375817161698e-11j), (1.973790538442236091e-09+2.241914013523291141e-11j), (-2.153537638108257711e-10-5.778947375817161698e-11j), (7.004124332384526017e-05+8.955000562611175297e-07j)
 (2.394149685363554142e-04+9.409117328998710725e-06j), (1.507645212599553081e-06-8.126504027436142697e-06j), (-3.227700289767324509e-12+2.714087278117976622e-11j), (-8.792951087074520739e-05-8.126504027436142697e-06j), (3.681161123062501122e-04+1.906227400059525847e-05j), (1.578311695200357418e-11-6.945489350183444176e-11j), (1.972759774516122141e-09+2.714087278117976622e-11j), (-2.103327285644603051e-10-6.945489350183444176e-11j), (6.999509135890267142e-05+1.085869281642958895e-06j)
 (2.387175664087113540e-04+1.133353815100846101e-05j), (2.202034026195099029e-06-9.752225198939886943e-06j), (-4.700904792372294776e-12+3.270194749234734885e-11j), (-8.723512205714966652e-05-9.752225198939886943e-06j), (3.666206534173628703e-04+2.292928825453355787e-05j), (2.293829643380998250e-11-8.281486580753628151e-11j), (1.971286570013517316e-09+3.270194749234734885e-11j), (-2.031775490826538935e-10-8.281486580753628151e-11j), (6.992851758605246669e-05+1.311552131672347823e-06j)
 (2.377269286337617459e-04+1.355961860201982998e-05j), (3.181928186963228446e-06-1.160558219466285569e-05j), (-6.760815960349683368e-12+3.914289209967935668e-11j), (-8.625522789638154176e-05-1.160558219466285569e-05j), (3.645016295855035078e-04+2.737848910598578232e-05j), (3.292134540210413002e-11-9.766139307422455604e-11j), (1.969226658845539839e-09+3.914289209967935668e-11j), (-1.931945001143597557e-10-9.766139307422455604e-11j), (6.983401929861122103e-05+1.575559289978563422e-06j)
 (2.363505813978839366e-04+1.607453902911069621e-05j), (4.530618713938295550e-06-1.365508726452094590e-05j), (-9.550861208756580659e-12+4.643628274492195568e-11j), (-8.490653736940647635e-05-1.365508726452094590e-05j), (3.615679900600635849e-04+3.236558101799897778e-05j), (4.645682148174480001e-11-1.134702957905799699e-10j), (1.966436613597133115e-09+4.643628274492195568e-11j), (-1.796590240347190793e-10-1.134702957905799699e-10j), (6.970279469890873459e-05+1.879009251526827519e-06j)
 (2.344939047076088023e-04+1.882864708552358160e-05j), (6.326252379797342653e-06-1.583068249419117632e-05j), (-1.316296690491335250e-11+5.446223637997228072e-11j), (-8.311090370354742840e-05-1.583068249419117632e-05j), (3.576303453547804208e-04+3.776515551306970192e-05j), (6.414119749577514346e-11-1.293253745791416518e-10j), (1.962824507900976340e-09+5.446223637997228072e-11j), (-1.619746480206887229e-10-1.293253745791416518e-10j), (6.952573163977047901e-05+2.220233498319168056e-06j)
 (2.320812186669542567e-04+2.173000996793215356e-05j), (8.618490673347326803e-06-1.802229477642782355e-05j), (-1.755561256842044388e-11+6.301124419402591906e-11j), (-8.081866540999744510e-05-1.802229477642782355e-05j), (3.525485826809827278e-04+4.336222768824612842e-05j), (8.622455655212517797e-11-1.439383955217596101e-10j), (1.958431862237469213e-09+6.301124419402591906e-11j), (-1.398912889643387013e-10-1.439383955217596101e-10j), (6.929517698593771211e-05+2.594491090331194935e-06j)
 (2.290824045466985219e-04+2.465407594255668463e-05j), (1.140270899732654690e-05-2.009603582665203125e-05j), (-2.245016329352069549e-11+7.184592307039844175e-11j), (-7.803444708601822331e-05-2.009603582665203125e-05j), (3.462890362168648522e-04+4.887877454929127029e-05j), (1.124045848243984721e-10-1.558116516320878479e-10j), (1.953537311512368713e-09+7.184592307039844175e-11j), (-1.137112606920654072e-10-1.558116516320878479e-10j), (6.900701496901175992e-05+2.995036895706104264e-06j)
 (2.255317271330272984e-04+2.747339346560971607e-05j), (1.460786679975324341e-05-2.192996852466328085e-05j), (-2.726390067853019538e-11+8.082535154973022967e-11j), (-7.482928928359151833e-05-2.192996852466328085e-05j), (3.389597287642212835e-04+5.404372269302086903e-05j), (1.418120247984641374e-10-1.634846691534626712e-10j), (1.948723574127359371e-09+8.082535154973022967e-11j), (-8.430382071799974188e-11-1.634846691534626712e-10j), (6.866182002823125765e-05+3.415808191483723299e-06j)
 (2.215219930919033579e-04+3.009851035093912360e-05j), (1.811397222433131245e-05-2.345451835061469217e-05j), (-3.109823223736387279e-11+9.006028195544553671e-11j), (-7.132318385901345776e-05-2.345451835061469217e-05j), (3.307872980261074031e-04+5.868189815361724400e-05j), (1.731925386031668968e-10-1.656620420308629123e-10j), (1.944889242568525894e-09+9.006028195544553671e-11j), (-5.292330691329698249e-11-1.656620420308629123e-10j), (6.826371493774804813e-05+3.854705182830973280e-06j)
 (2.171693631588852004e-04+3.250684035135323872e-05j), (2.179630073211968037e-05-2.467060699804144949e-05j), (-3.277946035560857127e-11+1.000294771363333279e-10j), (-6.764085535122509323e-05-2.467060699804144949e-05j), (3.220315867723203690e-04+6.276745530097936328e-05j), (2.051944089674674745e-10-1.609765917199822697e-10j), (1.943208014450280892e-09+1.000294771363333279e-10j), (-2.092143654899640473e-11-1.609765917199822697e-10j), (6.781687593810709807e-05+4.315296907929560961e-06j)
 (2.125666006666848456e-04+3.473915634332685554e-05j), (2.556955342823504486e-05-2.563057117198425187e-05j), (-3.088651850227004804e-11+1.116155159872421166e-10j), (-6.386760265510972535e-05-2.563057117198425187e-05j), (3.128853376062935040e-04+6.640132543301689586e-05j), (2.364123960562513072e-10-1.472657912071431693e-10j), (1.945100956303619738e-09+1.116155159872421166e-10j), (1.029655053978742792e-11-1.472657912071431693e-10j), (6.732170849695474999e-05+4.805376528000840427e-06j)
 (2.077528567242055337e-04+3.686579789224898266e-05j), (2.940365600032980822e-05-2.639598277453781316e-05j), (-2.366219958177426635e-11+1.260621311969878392e-10j), (-6.003350008301495521e-05-2.639598277453781316e-05j), (3.034218847534789296e-04+6.972842007824341093e-05j), (2.648384405846614587e-10-1.204544648743067722e-10j), (1.952325275224115242e-09+1.260621311969878392e-10j), (3.872259506819757946e-11-1.204544648743067722e-10j), (6.677340112818998263e-05+5.333190715857544963e-06j)
 (2.027148836939214756e-04+3.894504891385297627e-05j), (3.330682502225256456e-05-2.700168491719086574e-05j), (-8.751288837713411082e-12+1.448810801881575312e-10j), (-5.613033106109220226e-05-2.700168491719086574e-05j), (2.936139578343327050e-04+7.285155096958863545e-05j), (2.863135883475351729e-10-7.335509342010233444e-11j), (1.967236185968176222e-09+1.448810801881575312e-10j), (6.019774283107129359e-11-7.335509342010233444e-11j), (6.616373960542376316e-05+5.904147380380229984e-06j)
 (1.974129747339211814e-04+4.099672906403525646e-05j), (3.729374385748486899e-05-2.744433476747909834e-05j), (1.735324208764231674e-11+1.696757033280757640e-10j), (-5.214341222585989783e-05-2.744433476747909834e-05j), (2.833970720037606037e-04+7.578884142995038749e-05j), (2.917167934581825843e-10+4.910367170079584175e-12j), (1.993340716893531861e-09+1.696757033280757640e-10j), (6.560094794171870504e-11+4.910367170079584175e-12j), (6.548435341176694500e-05+6.520269167801513954e-06j)
 (1.918133297766191133e-04+4.300058490101058852e-05j), (4.135969269427181683e-05-2.769427019542508486e-05j), (6.029512457425786579e-11+2.018978293676945027e-10j), (-4.807746338907294999e-05-2.769427019542508486e-05j), (2.727338220780085236e-04+7.848435107610216596e-05j), (2.631040989946183847e-10+1.275603915607228311e-10j), (2.036282599380147581e-09+2.018978293676945027e-10j), (3.698825347815450539e-11+1.275603915607228311e-10j), (6.472862941474525256e-05+7.182073442995753544e-06j)
 (1.859093240091749030e-04+4.491462069140317244e-05j), (4.547206274528100428e-05-2.771797080661033528e-05j), (1.295735482104449626e-10+2.424798804387862352e-10j), (-4.396509333806376254e-05-2.771797080661033528e-05j), (2.616470760756865461e-04+8.085235210622773749e-05j), (1.702329681497627792e-10+3.055503199098959636e-10j), (2.105561023016334691e-09+2.424798804387862352e-10j), (-5.588287736670110005e-11+3.055503199098959636e-10j), (6.389127179288130762e-05+7.890519401089872374e-06j)
 (1.797230150862279350e-04+4.669882687661778740e-05j), (4.957879942837000391e-05-2.749628886298912707e-05j), (2.415458088480911366e-10+2.916560845144825519e-10j), (-3.985835665497476291e-05-2.749628886298912707e-05j), (2.502132235964667521e-04+8.282315088957151108e-05j), (-3.005528072019989631e-11+5.391636907540071040e-10j), (2.217533283653980632e-09+2.916560845144825519e-10j), (-2.561711262366637627e-10+5.391636907540071040e-10j), (6.296696353140993887e-05+8.647268921472069683e-06j)
 (1.732917077137336500e-04+4.832883745397820267e-05j), (5.362364096275802622e-05-2.702962916094125970e-05j), (4.241439325235549377e-10+3.497893259877491191e-10j), (-3.581351512058674060e-05-2.702962916094125970e-05j), (2.385316010124131740e-04+8.436412991704182653e-05j), (-3.887702178409544183e-10+8.067883630335879064e-10j), (2.400131407329444433e-09+3.497893259877491191e-10j), (-6.148860633574183234e-10+8.067883630335879064e-10j), (6.194997809620530549e-05+9.453791155321239164e-06j)
 (1.666539652397860808e-04+4.979461427582694587e-05j), (5.755640464589133431e-05-2.633254315018845881e-05j), (7.229262796996086137e-10+4.206660913118321551e-10j), (-3.188075143745343251e-05-2.633254315018845881e-05j), (2.266982780377590253e-04+8.547314583190869595e-05j), (-9.515745967233368691e-10+1.052670079847924695e-09j), (2.698913754505498212e-09+4.206660913118321551e-10j), (-1.177690442239800774e-09+1.052670079847924695e-09j), (6.083488824445565650e-05+1.031083888911996312e-05j)
 (1.598453382888566018e-04+5.109300163949229379e-05j), (6.133496861869892674e-05-2.542725284052160001e-05j), (1.207346481105275640e-09+5.176739114188327928e-10j), (-2.810218746464584008e-05-2.542725284052160001e-05j), (2.147991593963075149e-04+8.616397845486703684e-05j), (-1.734639256933540895e-09+1.177282123623548866e-09j), (3.183333955911165032e-09+5.176739114188327928e-10j), (-1.960755102450004593e-09+1.177282123623548866e-09j), (5.961736603341563591e-05+1.121880783761486673e-05j)
 (1.529007699456190104e-04+5.222495416701032281e-05j), (6.492452062310260260e-05-2.434149751386045120e-05j), (1.977037540087084159e-09+6.722433584909589224e-10j), (-2.451263546024216422e-05-2.434149751386045120e-05j), (2.029132012280580747e-04+8.646159255938045383e-05j), (-2.687958085858856605e-09+1.037765830739039410e-09j), (3.953025014892973758e-09+6.722433584909589224e-10j), (-2.914073931375320510e-09+1.037765830739039410e-09j), (5.829453403996823419e-05+1.217852068519938470e-05j)
 (1.458551377655144558e-04+5.319800305450853132e-05j), (6.829886190612344721e-05-2.310801357149872524e-05j), (3.170498056253347250e-09+9.450664868697911936e-10j), (-2.113829417722131961e-05-2.310801357149872524e-05j), (1.911109427112308060e-04+8.640500089406354730e-05j), (-3.650908563091645810e-09+4.699515286580818569e-10j), (5.146485531059236849e-09+9.450664868697911936e-10j), (-3.877024408608109715e-09+4.699515286580818569e-10j), (5.686497792966532328e-05+1.319212184252864227e-05j)
 (1.387400160722274687e-04+5.402831719150537977e-05j), (7.144244263377639095e-05-2.176213306366669599e-05j), (4.976559136256504722e-09+1.446116284800344719e-09j), (-1.799471344956837587e-05-2.176213306366669599e-05j), (1.794474927352534828e-04+8.604727725922688716e-05j), (-4.315992398596231945e-09-6.588316062307164387e-10j), (6.952546611062394734e-09+1.446116284800344719e-09j), (-4.542108244112695850e-09-6.588316062307164387e-10j), (5.532849653197382443e-05+1.426412872059113788e-05j)
 (1.315798418685515912e-04+5.474050298038480775e-05j), (7.435058261955536125e-05-2.033815517480753386e-05j), (7.638363526264855900e-09+2.371086203224034827e-09j), (-1.508657346378940558e-05-2.033815517480753386e-05j), (1.679566821734839908e-04+8.545090788712640260e-05j), (-4.224464436779948456e-09-2.369086010200290148e-09j), (9.614351001070745912e-09+2.371086203224034827e-09j), (-4.450580282296412361e-09-2.369086010200290148e-09j), (5.368544271495811614e-05+1.540264699734965334e-05j)
 (1.243886365494062190e-04+5.536653120852632232e-05j), (7.702790700229981036e-05-1.886622763461511529e-05j), (1.142958825471557044e-08+4.050984776241361398e-09j), (-1.240924908104495646e-05-1.886622763461511529e-05j), (1.566483094447720340e-04+8.468204153199834013e-05j), (-2.813909981976542045e-09-4.480300827822426051e-09j), (1.340557572952146045e-08+4.050984776241361398e-09j), (-3.040025827493005950e-09-4.480300827822426051e-09j), (5.193550227160937803e-05+1.662056425265601270e-05j)
 (1.171667878147639825e-04+5.594407906461947385e-05j), (7.948585531999296161e-05-1.737018024126446057e-05j), (1.659266852609211901e-08+6.998549739805328080e-09j), (-9.951300763351805215e-06-1.737018024126446057e-05j), (1.455072303689420904e-04+8.380497906374315001e-05j), (4.799129385999127682e-10-6.543711673383319390e-09j), (1.856865600089800902e-08+6.998549739805328080e-09j), (2.537970930834488631e-10-6.543711673383319390e-09j), (5.007588843681848225e-05+1.793648993825579024e-05j)
 (1.098978667596467711e-04+5.651408897981579249e-05j), (8.173976868046743378e-05-1.586623956739773944e-05j), (2.325074840733376023e-08+1.194349547687571493e-08j), (-7.697387402877333036e-06-1.586623956739773944e-05j), (1.344934969140959861e-04+8.287687166203553052e-05j), (6.088777026889305771e-09-7.821131041978482786e-09j), (2.522673588213965024e-08+1.194349547687571493e-08j), (5.862661181372841865e-09-7.821131041978482786e-09j), (4.809896656135445185e-05+1.937533481753313461e-05j)
 (1.025451847418558480e-04+5.711724560303322701e-05j), (8.380574299109226329e-05-1.436229444928462191e-05j), (3.130355113332194637e-08+1.987062441950466649e-08j), (-5.631413092252503532e-06-1.436229444928462191e-05j), (1.235429046094081371e-04+8.194177231856492960e-05j), (1.418143772332778562e-08-7.314456538945059634e-09j), (3.327953860812783638e-08+1.987062441950466649e-08j), (1.395532187781132171e-08-7.314456538945059634e-09j), (4.598917500752584201e-05+2.096852616091481516e-05j)
 (9.504826518348107891e-05+5.778801885499113239e-05j), (8.569671343518628153e-05-1.285753318573360224e-05j), (4.027906474142736104e-08+3.206662988215671299e-08j), (-3.740442648158485289e-06-1.285753318573360224e-05j), (1.125690884947168975e-04+8.102218194133284704e-05j), (2.456110435013818884e-08-3.832146490110751754e-09j), (4.225505221623325106e-08+3.206662988215671299e-08j), (2.433498850462172659e-08-3.832146490110751754e-09j), (4.371886470404613603e-05+2.275373906418940565e-05j)
 (8.732122013333911488e-05+5.854513663890395666e-05j), (8.741708861073038662e-05-1.134333051633318088e-05j), (4.908472478486378999e-08+5.012068484781653326e-08j), (-2.020067472614380205e-06-1.134333051633318088e-05j), (1.014708269641998524e-04+8.010809963355920130e-05j), (3.657934032747346117e-08+3.918121055896258006e-09j), (5.106071225966968000e-08+5.012068484781653326e-08j), (3.635322448195699561e-08+3.918121055896258006e-09j), (4.124258368648030238e-05+2.477359846051361981e-05j)
 (7.925621099887572162e-05+5.937914779582453091e-05j), (8.895649504575468098e-05-9.807061111926087960e-06j), (5.565509713120127976e-08+7.575849339328504467e-08j), (-4.806610375900858406e-07-9.807061111926087960e-06j), (9.014794298314789556e-05+7.914728141429154789e-05j), (4.903352209919647252e-08+1.719042570379076240e-08j), (5.763108460600716977e-08+7.575849339328504467e-08j), (4.880740625368000696e-08+1.719042570379076240e-08j), (3.848966738677838621e-05+2.707225591434616959e-05j)
 (7.073508204523618471e-05+6.023968810978082907e-05j), (9.028517659312351360e-05-8.239977304739223155e-06j), (5.661447857791642529e-08+1.104044871395423851e-07j), (8.480205097787467785e-07-8.239977304739223155e-06j), (7.852573928482175320e-05+7.804248455547187387e-05j), (6.005315340924023716e-08+3.697275425241982574e-08j), (5.859046605272231530e-08+1.104044871395423851e-07j), (5.982703756372377160e-08+3.697275425241982574e-08j), (3.535576238880700205e-05+2.968832137103965101e-05j)
 (6.165079427115563579e-05+6.102646845979137961e-05j), (9.135515331700862012e-05-6.648248009678871624e-06j), (4.715761646853178268e-08+1.544546345138479696e-07j), (1.917997233663853301e-06-6.648248009678871624e-06j), (6.658314630283448075e-05+7.666016049737555001e-05j), (6.705317786333326762e-08+6.364865308889924608e-08j), (4.913360394333767270e-08+1.544546345138479696e-07j), (6.682706201781680206e-08+6.364865308889924608e-08j), (3.169509750829018656e-05+3.264225365127223100e-05j)
 (5.193741215891504418e-05+6.158840624437207948e-05j), (9.211097710476299659e-05-5.063281902468975962e-06j), (2.138807140392590070e-08+2.063098687159929501e-07j), (2.673821021418229765e-06-5.063281902468975962e-06j), (5.437619029664624796e-05+7.485089445653774355e-05j), (6.687999132655118033e-08+9.656663610824892817e-08j), (2.336405887873179072e-08+2.063098687159929501e-07j), (6.665387548103471477e-08+9.656663610824892817e-08j), (2.731743666186608555e-05+3.591613388008068665e-05j)
 (4.160369234203410054e-05+6.173459286759917309e-05j), (9.251040652870310961e-05-3.544995573698813485e-06j), (-2.655717983250823637e-08+2.613168921473770247e-07j), (3.073250445358342788e-06-3.544995573698813485e-06j), (4.204807647303709190e-05+7.247711477612084916e-05j), (5.628636315539992538e-08+1.335838134259726279e-07j), (-2.458119235770234636e-08+2.613168921473770247e-07j), (5.606024730988345982e-08+1.335838134259726279e-07j), (2.199715239848470738e-05+3.942507985739381927e-05j)
 (3.076170894353262163e-05+6.125878623919213514e-05j), (9.254844624636587760e-05-2.172251176052751799e-06j), (-1.002495558337629203e-07+3.110937628047106845e-07j), (3.111290163021110779e-06-2.172251176052751799e-06j), (2.982109285979621209e-05+6.944047206528224927e-05j), (3.283621801392890131e-08+1.707606409211718293e-07j), (-9.827356835895703025e-08+3.110937628047106845e-07j), (3.261010216841243575e-08+1.707606409211718293e-07j), (1.550549027876109269e-05+4.298456272684411298e-05j)
 (1.964010201222090397e-05+5.997552003291739103e-05j), (9.227178028522358463e-05-1.020636800176336694e-06j), (-1.977551371777270804e-07+3.442269131615839536e-07j), (2.834624201878817805e-06-1.020636800176336694e-06j), (1.797236466954482909e-05+6.570169840661738299e-05j), (-3.820234311819297440e-09+2.025541709170325273e-07j), (-1.957791497029212036e-07+3.442269131615839536e-07j), (-4.046350157335761345e-09+2.025541709170325273e-07j), (7.676320036015957184e-06+4.628769452959442549e-05j)
 (8.573225378469468728e-06+5.776177281211371912e-05j), (9.177213493854822471e-05-1.371995896021325635e-07j), (-3.089726068457564390e-07+3.493394786097588380e-07j), (2.334978855203457887e-06-1.371995896021325635e-07j), (6.800644425163625013e-06+6.129011782056915556e-05j), (-5.074891727840572396e-08+2.229130947108160493e-07j), (-3.069966193709505622e-07+3.493394786097588380e-07j), (-5.097503312392218952e-08+2.229130947108160493e-07j), (-1.497330521252649717e-06+4.891796148514250634e-05j)
 (-2.037907457363275334e-06+5.459520449331553885e-05j), (9.115971522323003265e-05+4.735068407054878470e-07j), (-4.162622520500386960e-07+3.201407883002098175e-07j), (1.722559139885265832e-06+4.735068407054878470e-07j), (-3.409562313189671342e-06+5.630493774240759834e-05j), (-1.015396782086030701e-07+2.273045731925233584e-07j), (-4.142862645752328192e-07+3.201407883002098175e-07j), (-1.017657940541195357e-07+2.273045731925233584e-07j), (-1.176877103624383056e-05+5.042371248983742803e-05j)
 (-1.179091852373238239e-05+5.057729559988408222e-05j), (9.053217410753185168e-05+8.446612725461483714e-07j), (-5.000591310991350057e-07+2.595803224499505214e-07j), (1.095018024187084855e-06+8.446612725461483714e-07j), (-1.242503049896922585e-05+5.091026889566745666e-05j), (-1.479739579388184978e-07+2.147927358803915677e-07j), (-4.980831436243291289e-07+2.595803224499505214e-07j), (-1.482000737843349501e-07+2.147927358803915677e-07j), (-2.261016437575435654e-05+5.045293316394470042e-05j)
 (-2.036111523051682324e-05+4.592726795149947180e-05j), (8.995592302108609242e-05+1.029740112408744104e-06j), (-5.469934343381188427e-07+1.794144436564290274e-07j), (5.187669377413256034e-07+1.029740112408744104e-06j), (-2.010033539927752510e-05+4.532007235955594858e-05j), (-1.831195420515455754e-07+1.886066990607528916e-07j), (-5.450174468633129660e-07+1.794144436564290274e-07j), (-1.833456578970620278e-07+1.886066990607528916e-07j), (-3.330822116239192147e-05+4.889248291515962150e-05j)
 (-2.756688962076865308e-05+4.093915544053548604e-05j), (8.946425750597916866e-05+1.084746223736005171e-06j), (-5.547393184988516541e-07+9.482174116330588807e-08j), (2.710142263440183750e-08+1.084746223736005171e-06j), (-2.640340200360947586e-05+3.976778218721827582e-05j), (-2.038070656173483077e-07+1.544739224823684475e-07j), (-5.527633310240457773e-07+9.482174116330588807e-08j), (-2.040331814628647600e-07+1.544739224823684475e-07j), (-4.316286065265978076e-05+4.592418309659568814e-05j)
 (-3.339125964697150476e-05+3.591495806812499238e-05j), (8.906549005839623585e-05+1.057448902097828252e-06j), (-5.304025747405024123e-07+1.816484000255743018e-08j), (-3.716660249485309684e-07+1.057448902097828252e-06j), (-3.141475246609074651e-05+3.446581950857643349e-05j), (-2.107220379136737684e-07+1.179701713615050478e-07j), (-5.284265872656965355e-07+1.816484000255743018e-08j), (-2.109481537591902207e-07+1.179701713615050478e-07j), (-5.168222427617896535e-05+4.195480436841607694e-05j)
 (-3.795204286444867656e-05+3.110403377168142070e-05j), (8.875311573771385533e-05+9.836463381175928967e-07j), (-4.850679867364070976e-07-4.398573209597186524e-08j), (-6.840403456309114951e-07+9.836463381175928967e-07j), (-3.529702825139270509e-05+2.957184797219307554e-05j), (-2.065845202542010188e-07+8.286555934779713862e-08j), (-4.830919992616012209e-07-4.398573209597186524e-08j), (-2.068106360997174711e-07+8.286555934779713862e-08j), (-5.866846565863506602e-05+3.746758426458396472e-05j)
 (-4.144302363825284343e-05+2.667260189454415229e-05j), (8.851402612828063708e-05+8.876946222441921484e-07j), (-4.290339330438114002e-07-9.022573132299053100e-08j), (-9.231299550641297418e-07+8.876946222441921484e-07j), (-3.824986880587779182e-05+2.517570747570643173e-05j), (-1.942919427145980804e-07+5.110435604037786856e-08j), (-4.270579455690055234e-07-9.022573132299053100e-08j), (-1.945180585601145327e-07+5.110435604037786856e-08j), (-6.417753117863416454e-05+3.288595394243810482e-05j)
 (-4.407732182305873990e-05+2.270506651751103623e-05j), (8.833375094107006502e-05+7.849109550588989939e-07j), (-3.696681168798499111e-07-1.221643827928068945e-07j), (-1.103405142274701796e-06+7.849109550588989939e-07j), (-4.047054376419591259e-05+2.130680860290690414e-05j), (-1.761487776770985600e-07+2.360116341302596368e-08j), (-3.676921294050440344e-07-1.221643827928068945e-07j), (-1.763748935226150123e-07+2.360116341302596368e-08j), (-6.841401811275136960e-05+2.850499313468290053e-05j)
 (-4.605070552557902056e-05+1.922325684312591873e-05j), (8.819906115777285678e-05+6.842603010238126843e-07j), (-3.113167248347522788e-07-1.424330718396640602e-07j), (-1.238094925571910044e-06+6.842603010238126843e-07j), (-4.213095960829915882e-05+1.795170942168794383e-05j), (-1.539855203765580977e-07+9.009897556878585327e-10j), (-3.093407373599464020e-07-1.424330718396640602e-07j), (-1.542116362220745501e-07+9.009897556878585327e-10j), (-7.162976631203183027e-05+2.448859390321117638e-05j)
 (-4.752558729542746244e-05+1.620908963819414869e-05j), (8.809888341519551123e-05+5.905144477192548473e-07j), (-2.561706931456987422e-07-1.534581118565176011e-07j), (-1.338272668149255592e-06+5.905144477192548473e-07j), (-4.336981652622458848e-05+1.507193179499843796e-05j), (-1.295059042248007352e-07-1.662107181124168244e-08j), (-2.541947056708928655e-07-1.534581118565176011e-07j), (-1.297320200703171876e-07-1.662107181124168244e-08j), (-7.405955427966963770e-05+2.090168046304004273e-05j)
 (-4.862851626518324157e-05+1.362318400315872631e-05j), (8.802443531673897798e-05+5.057793750719564309e-07j), (-2.053038706630944503e-07-1.570235071519625832e-07j), (-1.412720766605788845e-06+5.057793750719564309e-07j), (-4.429378000980353693e-05+1.261753618879786299e-05j), (-1.044362019655506682e-07-2.886825784090624216e-08j), (-2.033278831882885735e-07-1.570235071519625832e-07j), (-1.046623178110671338e-07-2.886825784090624216e-08j), (-7.589449952705942142e-05+1.774903068827215355e-05j)
 (-4.945426029680252233e-05+1.141784609907438793e-05j), (8.796904912646545281e-05+4.305838528565441532e-07j), (-1.594188755132461176e-07-1.543932414718416874e-07j), (-1.468106956879314012e-06+4.305838528565441532e-07j), (-4.498253030647928223e-05+1.053606438949823845e-05j), (-8.040538324794792860e-08-3.616283727190953573e-08j), (-1.574428880384402409e-07-1.543932414718416874e-07j), (-8.063149909346439416e-08-3.616283727190953573e-08j), (-7.727974444201905974e-05+1.500581181449621588e-05j)
 (-5.007233437984688162e-05+9.545109304179909978e-06j), (8.792782468498516421e-05+3.646559736144416582e-07j), (-1.191413212402076194e-07-1.466461072029532427e-07j), (-1.509331398359602615e-06+3.646559736144416582e-07j), (-4.549487552528110783e-05+8.777726940138461659e-06j), (-5.870207827395787473e-08-3.924050200355588455e-08j), (-1.171653337654017294e-07-1.466461072029532427e-07j), (-5.892819411947434029e-08-3.924050200355588455e-08j), (-7.832286167484040732e-05+1.263638413327236491e-05j)
 (-5.053376095448696196e-05+7.960849968307293463e-06j), (8.789719515800232315e-05+3.074070699812636678e-07j), (-8.497075347951680393e-08-1.349305936238054459e-07j), (-1.539960925342443668e-06+3.074070699812636678e-07j), (-4.587447303411090662e-05+7.297739125609253826e-06j), (-4.010053760802661099e-08-3.908444424076315661e-08j), (-8.299476600471091392e-08-1.349305936238054459e-07j), (-4.032665345354307655e-08-3.908444424076315661e-08j), (-7.910435891834994963e-05+1.060353547277654384e-05j)
 (-5.087677457274900430e-05+6.626075411500223593e-06j), (8.787451780837035218e-05+2.581566767324019563e-07j), (-5.711559196946392858e-08-1.205174216719754420e-07j), (-1.562638274974414640e-06+2.581566767324019563e-07j), (-4.615435862630472459e-05+6.056744785019899455e-06j), (-2.485258673221105151e-08-3.670611466953903400e-08j), (-5.513960449465803856e-08-1.205174216719754420e-07j), (-2.507870257772751376e-08-3.670611466953903400e-08j), (-7.968628375884175029e-05+8.871687469030474000e-06j)
 (-5.113086976364013161e-05+5.506618017081522221e-06j), (8.785777279407007878e-05+2.161935009543786995e-07j), (-3.539824269029312816e-08-1.046868649726947842e-07j), (-1.579383289274688038e-06+2.161935009543786995e-07j), (-4.636003587477662957e-05+5.020315581257525659e-06j), (-1.281542456876123031e-08-3.298150768400250632e-08j), (-3.342225521548723815e-08-1.046868649726947842e-07j), (-1.304154041427769422e-08-3.298150768400250632e-08j), (-8.011784002657120331e-05+7.407245120736582581e-06j)
 (-5.131927153403874451e-05+4.572332259191924600e-06j), (8.784538239428844473e-05+1.807780489908022793e-07j), (-1.929806811559081469e-08-8.856808778166541689e-08j), (-1.591773689056322086e-06+1.807780489908022793e-07j), (-4.651138744742787596e-05+4.158272918594545001e-06j), (-3.624569520567591854e-09-2.858009584207052764e-08j), (-1.732208064078492468e-08-8.856808778166541689e-08j), (-3.850685366084055345e-09-2.858009584207052764e-08j), (-8.043852469039000392e-05+6.178252202943748689e-06j)
 (-5.146034028469744534e-05+3.796420287280980085e-06j), (8.783611058770785906e-05+1.511483716598794761e-07j), (-8.091189375113436097e-09-7.303566972366800828e-08j), (-1.601045495636907760e-06+1.511483716598794761e-07j), (-4.662387059060105155e-05+3.444157699892820546e-06j), (3.158376801310620344e-09-2.396617775032839128e-08j), (-6.115201900307546085e-09-7.303566972366800828e-08j), (2.932260955794156439e-09-2.396617775032839128e-08j), (-8.067986331973868669e-05+5.154305658527394815e-06j)
 (-5.156845106802431336e-05+3.155013282660998228e-06j), (8.782900061750848798e-05+1.265415205035979877e-07j), (-1.000208815402309835e-09-5.870120798688076078e-08j), (-1.608155465836278841e-06+1.265415205035979877e-07j), (-4.670938095078505312e-05+2.854832721211031242e-06j), (7.951374115352308056e-09-1.943621717938626131e-08j), (9.757786594035797641e-10-5.870120798688076078e-08j), (7.725258269835844151e-09-1.943621717938626131e-08j), (-8.086661531724773728e-05+4.306771767521102049e-06j)
 (-5.165466235181956768e-05+2.626886744145582074e-06j), (8.782332654713778913e-05+1.062181580149089273e-07j), (2.713388758375758212e-09-4.597368432408010995e-08j), (-1.613829536206977692e-06+1.062181580149089273e-07j), (-4.677695137723610671e-05+2.370113902950339420e-06j), (1.110779543776894623e-08-1.516555958272424706e-08j), (4.689376233181647811e-09-4.597368432408010995e-08j), (1.088167959225248233e-08-1.516555958272424706e-08j), (-8.101782133351988658e-05+3.609021476532497917e-06j)
 (-5.172725439088105589e-05+2.193201918505701534e-06j), (8.781855394898091581e-05+8.948006479562468971e-08j), (3.738898998756494086e-09-3.513383525366540942e-08j), (-1.618602134363851010e-06+8.948006479562468971e-08j), (-4.683331147525848521e-05+1.972386794133236706e-06j), (1.290914524182812305e-08-1.125323934038176646e-08j), (5.714886473562383271e-09-3.513383525366540942e-08j), (1.268302939631165914e-08-1.125323934038176646e-08j), (-8.114769229213433202e-05+3.036514265741168689e-06j)
 (-5.179211420420980444e-05+1.837258651679459766e-06j), (8.781431133225803894e-05+7.568032026108621576e-08j), (2.769938375442083732e-09-2.637257326233758191e-08j), (-1.622844751086727883e-06+7.568032026108621576e-08j), (-4.688327318446366227e-05+1.646245790807358654e-06j), (1.358012481927380119e-08-7.760018454430321222e-09j), (4.745925850247973330e-09-2.637257326233758191e-08j), (1.335400897375733729e-08-7.760018454430321222e-09j), (-8.126622801512481127e-05+2.566779366124301703e-06j)
 (-5.185296544580087776e-05+1.544335737471961376e-06j), (8.781037315322681161e-05+6.423178410214906292e-08j), (5.634116922087944394e-10-1.976650487356955474e-08j), (-1.626782930117955214e-06+6.423178410214906292e-08j), (-4.692993875211144347e-05+1.378230224450434273e-06j), (1.331547578825135515e-08-4.735389536781862244e-09j), (2.539399167014684038e-09-1.976650487356955474e-08j), (1.308935994273489125e-08-4.735389536781862244e-09j), (-8.137953652465809695e-05+2.179479243541515190e-06j)
 (-5.191152497193267661e-05+1.301680272621170739e-06j), (8.780664753779197462e-05+5.462130921133039826e-08j), (-2.073206795076110967e-09-1.521180700056945977e-08j), (-1.630508545552792200e-06+5.462130921133039826e-08j), (-4.697480216119003958e-05+1.156723176450022759e-06j), (1.231026510751014237e-08-2.229064705018559373e-09j), (-9.721932027022136866e-11-1.521180700056945977e-08j), (1.208414926199367847e-08-2.229064705018559373e-09j), (-8.149003473677876857e-05+1.856721404625847740e-06j)
 (-5.196776256971886326e-05+1.098640004103299490e-06j), (8.780315533805317023e-05+4.642912815873546272e-08j), (-4.403152070428437327e-09-1.238219056032330172e-08j), (-1.634000745291596594e-06+4.642912815873546272e-08j), (-4.701791178499657199e-05+9.720176283639564681e-07j), (1.078296427574386644e-08-2.829385241346679071e-10j), (-2.427164595622547729e-09-1.238219056032330172e-08j), (1.055684843022740253e-08-2.829385241346679071e-10j), (-8.159689802430811006e-05+1.583607959264937227e-06j)
 (-5.202041306164227022e-05+9.268124863179157550e-07j), (8.779998860227919942e-05+3.934531057246077746e-08j), (-5.931361695765848356e-09-1.077642501870640318e-08j), (-1.637167481065567400e-06+3.934531057246077746e-08j), (-4.705826286263627579e-05+8.164289359199622329e-07j), (8.976787084959455864e-09+1.091269894697469180e-09j), (-3.955374220959959171e-09-1.077642501870640318e-08j), (8.750671239442991959e-09+1.091269894697469180e-09j), (-8.169708059208378840e-05+1.348754613930270142e-06j)
 (-5.206772735816687556e-05+7.800250728024623331e-07j), (8.779725368655776313e-05+3.316916052798883787e-08j), (-6.504412370237060338e-09-9.852690063599602250e-09j), (-1.639902396787003692e-06+3.316916052798883787e-08j), (-4.709443357965169448e-05+6.842691436963959068e-07j), (7.131342606236374690e-09+1.933305367183308224e-09j), (-4.528424895431171153e-09-9.852690063599602250e-09j), (6.905226760719910785e-09+1.933305367183308224e-09j), (-8.178684317330203160e-05+1.144375305720623547e-06j)
 (-5.210824053170957731e-05+6.540245386937992608e-07j), (8.779501899122746356e-05+2.778621041465906224e-08j), (-6.268649519840528875e-09-9.173260399520131790e-09j), (-1.642137092117303262e-06+2.778621041465906224e-08j), (-4.712524954815001423e-05+5.715556174689816022e-07j), (5.438717254174249465e-09+2.335032171487716074e-09j), (-4.292662045034639689e-09-9.173260399520131790e-09j), (5.212601408657785559e-09+2.335032171487716074e-09j), (-8.186326644817855586e-05+9.657184734880577512e-07j)
 (-5.214127083956452183e-05+5.459332306127019006e-07j), (8.779328910133719400e-05+2.313081405427505627e-08j), (-5.525012448438938633e-09-8.480845707835174295e-09j), (-1.643866982007572818e-06+2.313081405427505627e-08j), (-4.715020251490033764e-05+4.755134011781170559e-07j), (4.012360091355047343e-09+2.417305239784136561e-09j), (-3.549024973633049034e-09-8.480845707835174295e-09j), (3.786244245838583437e-09+2.417305239784136561e-09j), (-8.192514267064684790e-05+8.100304878341010051e-07j)
 (-5.216701270713110044e-05+4.536631448383819055e-07j), (8.779201128500834417e-05+1.915148525468297772e-08j), (-4.577666925689904846e-09-7.687217043034442904e-09j), (-1.645144798336422654e-06+1.915148525468297772e-08j), (-4.716950313955541822e-05+3.940596255681090599e-07j), (2.887014792598747104e-09+2.298923489993064291e-09j), (-2.601679450884015247e-09-7.687217043034442904e-09j), (2.660898947082283199e-09+2.298923489993064291e-09j), (-8.197302785698839980e-05+6.754840724727053298e-07j)
 (-5.218631500097527351e-05+3.754704201909624146e-07j), (8.779110132329107975e-05+1.579087193078359212e-08j), (-3.645387531511385042e-09-6.810495905079820719e-09j), (-1.646054760053687074e-06+1.579087193078359212e-08j), (-4.718387043857474612e-05+3.254314834289895796e-07j), (2.042047971110556818e-09+2.075148859515702815e-09j), (-1.669400056705495444e-09-6.810495905079820719e-09j), (1.815932125594092913e-09+2.075148859515702815e-09j), (-8.200870714794893980e-05+5.604309516084719461e-07j)
 (-5.220034412850308651e-05+3.097209751885615379e-07j), (8.779046982096378815e-05+1.298161443716785821e-08j), (-2.844030042582566567e-09-5.909655329170749907e-09j), (-1.646686262380978667e-06+1.298161443716785821e-08j), (-4.719424653623047238e-05+2.680019156703732967e-07j), (1.430055074040348277e-09+1.811332697302786970e-09j), (-8.680425677766769683e-10-5.909655329170749907e-09j), (1.203939228523884372e-09+1.811332697302786970e-09j), (-8.203450278234981918e-05+4.630717840490247744e-07j)
 (-5.221029812149091654e-05+2.548240905262350093e-07j), (8.779003877719063079e-05+1.065106070147035660e-08j), (-2.210531335308813063e-09-5.042306844841610671e-09j), (-1.647117306154136031e-06+1.065106070147035660e-08j), (-4.720157073358563363e-05+2.202330062021015908e-07j), (9.979496163819895643e-10+1.546647656838535911e-09j), (-2.345438605029234640e-10-5.042306844841610671e-09j), (7.718337708655256592e-10+1.546647656838535911e-09j), (-8.205272979870378901e-05+3.814295975865328501e-07j)
 (-5.221723536707819518e-05+2.092541745348879900e-07j), (8.778974744032890464e-05+8.727703543189546830e-09j), (-1.736516534036949893e-09-4.247670506872332571e-09j), (-1.647408643015862181e-06+8.727703543189546830e-09j), (-4.720665502956893772e-05+1.806928426175307182e-07j), (6.982025171045480319e-10+1.301571464404675937e-09j), (2.394709407689397056e-10-4.247670506872332571e-09j), (4.720866715880841268e-10+1.301571464404675937e-09j), (-8.206539344075720877e-05+3.134601697455682271e-07j)
 (-5.222200799766060103e-05+1.715955561344480847e-07j), (8.778955160035593625e-05+7.145796847507528318e-09j), (-1.394674274813318386e-09-3.545218451916391579e-09j), (-1.647604482988830566e-06+7.145796847507528318e-09j), (-4.721014270412776095e-05+1.480847303556617947e-07j), (4.927736591429088608e-10+1.084804946195898461e-09j), (5.813131999925712130e-10-3.545218451916391579e-09j), (2.666578136264449557e-10+1.084804946195898461e-09j), (-8.207408612598218755e-05+2.571808722507785209e-07j)
 (-5.222526155651658025e-05+1.405771676922920441e-07j), (8.778942033155112310e-05+5.847545575645457274e-09j), (-1.154207967060188670e-09-2.939593636578838746e-09j), (-1.647735751793643721e-06+5.847545575645457274e-09j), (-4.721251534621712445e-05+1.212656609074653132e-07j), (3.531377808639151537e-10+8.983490647073653952e-10j), (8.217795077457009290e-10-2.939593636578838746e-09j), (1.270219353474512744e-10+8.983490647073653952e-10j), (-8.208000263305226436e-05+2.107646262186841753e-07j)
