 (-4.875532495371433368e-21+5.263844958483892025e-15j), (-1.976149653311198250e-23-3.477863156141927334e-20j), (-3.810975206025219507e-23-9.648441313236430342e-21j), (-1.976149653311198250e-23-3.477863156141927334e-20j), (-4.801362127929646602e-21+5.263811086680679634e-15j), (7.457899096100807838e-23-1.834838944191673746e-19j), (-3.810975206025219507e-23-9.648441313236430342e-21j), (7.457899096100807838e-23-1.834838944191673746e-19j), (-4.711982670153767721e-21+5.263820862684060036e-15j)
 (-1.114264796535169781e-20+7.957749590055950412e-15j), (-4.553146857620734097e-23-5.257968786516503093e-20j), (-8.893453060910899518e-23-1.458510689339787347e-20j), (-4.553146857620734097e-23-5.257968786516503093e-20j), (-1.097317634191453793e-20+7.957698384248517108e-15j), (1.705607553449836776e-22-2.773884216816623523e-19j), (-8.893453060910899518e-23-1.458510689339787347e-20j), (1.705607553449836776e-22-2.773884216816623523e-19j), (-1.076891445421496416e-20+7.957713162640200610e-15j)
 (-2.546586168763647575e-20+1.203032745466170218e-14j), (-1.046199992780099061e-22-7.949088073354366717e-20j), (-2.060381233816009591e-22-2.204822662547876066e-20j), (-1.046199992780099061e-22-7.949088073354366717e-20j), (-2.507858632126704157e-20+1.203025004373967498e-14j), (3.899966774681982642e-22-4.193509477152912964e-19j), (-2.060381233816009591e-22-2.204822662547876066e-20j), (3.899966774681982642e-22-4.193509477152912964e-19j), (-2.461177081392392915e-20+1.203027238461790980e-14j)
 (-5.820097013624388397e-20+1.818714914343985151e-14j), (-2.399552509089153210e-22-1.201745503828016261e-19j), (-4.751033827241683535e-22-3.333076668543377178e-20j), (-2.399552509089153210e-22-1.201745503828016261e-19j), (-5.731591798005804881e-20+1.818703211628128803e-14j), (8.916200126434773513e-22-6.339663603295496081e-19j), (-4.751033827241683535e-22-3.333076668543377178e-20j), (8.916200126434773513e-22-6.339663603295496081e-19j), (-5.624905476523290956e-20+1.818706588994122579e-14j)
 (-1.330157582611118298e-19+2.749487868650387125e-14j), (-5.496983244439681771e-22-1.816791062889978101e-19j), (-1.092202983627340614e-21-5.038738894285658994e-20j), (-5.496983244439681771e-22-1.816791062889978101e-19j), (-1.309930639976961551e-19+2.749470176851459280e-14j), (2.038229017846712739e-21-9.584165979228087740e-19j), (-1.092202983627340614e-21-5.038738894285658994e-20j), (2.038229017846712739e-21-9.584165979228087740e-19j), (-1.285548271903635159e-19+2.749475282598005556e-14j)
 (-3.040020726322840558e-19+4.156607217285359248e-14j), (-1.258268967458845324e-21-2.746601585302281283e-19j), (-2.505828272221155795e-21-7.617307676584067653e-20j), (-1.258268967458845324e-21-2.746601585302281283e-19j), (-2.993793516824901080e-19+4.156580471342716460e-14j), (4.659014931797650882e-21-1.448912381842903025e-18j), (-2.505828272221155795e-21-7.617307676584067653e-20j), (4.659014931797650882e-21-1.448912381842903025e-18j), (-2.938069108861985923e-19+4.156588190015767724e-14j)
 (-6.947848426530052166e-19+6.283855169626036303e-14j), (-2.878685445777083638e-21-4.152265967189419881e-19j), (-5.741555915521730060e-21-1.151550487079723463e-19j), (-2.878685445777083638e-21-4.152265967189419881e-19j), (-6.842198746824646225e-19+6.283814735864162510e-14j), (1.064910810583866315e-20-2.190431642672349039e-18j), (-5.741555915521730060e-21-1.151550487079723463e-19j), (1.064910810583866315e-20-2.190431642672349039e-18j), (-6.714843553740773260e-19+6.283826404707804233e-14j)
 (-1.587904329801387079e-18+9.499775591933483171e-14j), (-6.583606380557651324e-21-6.277314585549454293e-19j), (-1.314415982527043475e-20-1.740866410525138121e-19j), (-6.583606380557651324e-21-6.277314585549454293e-19j), (-1.563758601260829470e-18+9.499714465300611583e-14j), (2.433982659534965314e-20-3.311441736051971601e-18j), (-1.314415982527043475e-20-1.740866410525138121e-19j), (2.433982659534965314e-20-3.311441736051971601e-18j), (-1.534652172407459569e-18+9.499732105960110008e-14j)
 (-3.629096019718072749e-18+1.436152391180142256e-13j), (-1.505336357287013052e-20-9.489911428369505058e-19j), (-3.007382930477919555e-20-2.631772509782054886e-19j), (-1.505336357287013052e-20-9.489911428369505058e-19j), (-3.573911999442522845e-18+1.436143150231546886e-13j), (5.563034123295281194e-20-5.006155770752275732e-18j), (-3.007382930477919555e-20-2.631772509782054886e-19j), (5.563034123295281194e-20-5.006155770752275732e-18j), (-3.507390520335614186e-18+1.436145817117777674e-13j)
 (-8.294164918936612049e-18+2.171139380873881493e-13j), (-3.441415586241630941e-20-1.434664085439430591e-18j), (-6.878303818568840595e-20-3.978611916145228310e-19j), (-3.441415586241630941e-20-1.434664085439430591e-18j), (-8.168044073926927303e-18+2.171125410700730743e-13j), (1.271450001810797065e-19-7.568177901198810340e-18j), (-6.878303818568840595e-20-3.978611916145228310e-19j), (1.271450001810797065e-19-7.568177901198810340e-18j), (-8.016011958498055377e-18+2.171129442503598347e-13j)
 (-1.895600985772079563e-17+3.282274384750268695e-13j), (-7.866778973343841073e-20-2.168894510789756022e-18j), (-1.572773270405901627e-19-6.014726911798757726e-19j), (-7.866778973343841073e-20-2.168894510789756022e-18j), (-1.866776556915171263e-17+3.282253265188675193e-13j), (2.905911610451952068e-19-1.144136292501939592e-17j), (-1.572773270405901627e-19-6.014726911798757726e-19j), (2.905911610451952068e-19-1.144136292501939592e-17j), (-1.832030215056120819e-17+3.282259360630054552e-13j)
 (-4.332326888150521821e-17+4.962060568602170635e-13j), (-1.798157942966242513e-19-3.278893840702350494e-18j), (-3.595668093730302633e-19-9.092936926556893737e-19j), (-1.798157942966242513e-19-3.278893840702350494e-18j), (-4.266449748688180725e-17+4.962028641240882348e-13j), (6.641444609031517537e-19-1.729668864848003901e-17j), (-3.595668093730302633e-19-9.092936926556893737e-19j), (6.641444609031517537e-19-1.729668864848003901e-17j), (-4.187038314528533805e-17+4.962037857101417149e-13j)
 (-9.901375477969790385e-17+7.501519393153046998e-13j), (-4.109978722775238196e-19-4.956992320990553725e-18j), (-8.219510166503761729e-19-1.374688031964036225e-18j), (-4.109978722775238196e-19-4.956992320990553725e-18j), (-9.750815735269884283e-17+7.501471128444745180e-13j), (1.517891539894337002e-18-2.614841396994824940e-17j), (-8.219510166503761729e-19-1.374688031964036225e-18j), (1.517891539894337002e-18-2.614841396994824940e-17j), (-9.569323889435904745e-17+7.501485063964079750e-13j)
 (-2.262923387022958534e-16+1.134060975674251228e-12j), (-9.393742069625293217e-19-7.494003413995915240e-18j), (-1.878802344222337335e-18-2.078429958142224586e-18j), (-9.393742069625293217e-19-7.494003413995915240e-18j), (-2.228513515510555664e-16+1.134053679922017773e-12j), (3.469106283369271895e-18-3.952948996030405483e-17j), (-1.878802344222337335e-18-2.078429958142224586e-18j), (3.469106283369271895e-18-3.952948996030405483e-17j), (-2.187034230125805752e-16+1.134055787770366798e-12j)
 (-5.171829132689291736e-16+1.714445023957439798e-12j), (-2.146986306551646783e-18-1.132975821555120265e-17j), (-4.294331763643177415e-18-3.143005624955369945e-18j), (-2.146986306551646783e-18-1.132975821555120265e-17j), (-5.093186644883349608e-16+1.714433997134939671e-12j), (7.928546197805682250e-18-5.975606873625642986e-17j), (-4.294331763643177415e-18-3.143005624955369945e-18j), (7.928546197805682250e-18-5.975606873625642986e-17j), (-4.998387280052487304e-16+1.714437187568902878e-12j)
 (-1.182002682462208423e-15+2.591854944391446994e-12j), (-4.906980069410901831e-18-1.712983172438227890e-17j), (-9.815136869963479585e-18-4.754940850996598057e-18j), (-4.906980069410901831e-18-1.712983172438227890e-17j), (-1.164029235654817506e-15+2.591838283690409401e-12j), (1.812044393842605791e-17-9.032504714824063344e-17j), (-9.815136869963479585e-18-4.754940850996598057e-18j), (1.812044393842605791e-17-9.032504714824063344e-17j), (-1.142363196463860098e-15+2.591843120183124312e-12j)
 (-2.701423617252610621e-15+3.918300645471480129e-12j), (-1.121490159602593831e-17-2.590267793277079771e-17j), (-2.243302755598978680e-17-7.201044563861032310e-18j), (-1.121490159602593831e-17-2.590267793277079771e-17j), (-2.660345995028678901e-15+3.918275490625336712e-12j), (4.141364609834022819e-17-1.365069797484487987e-16j), (-2.243302755598978680e-17-7.201044563861032310e-18j), (4.141364609834022819e-17-1.365069797484487987e-16j), (-2.610829099480867628e-15+3.918282848180020263e-12j)
 (-6.174002061979949526e-15+5.923585620564136634e-12j), (-2.563148781739546144e-17-3.918066607677204293e-17j), (-5.127113987557832231e-17-1.093190444293965818e-17j), (-2.563148781739546144e-17-3.918066607677204293e-17j), (-6.080120841012226602e-15+5.923547703988560732e-12j), (9.464926703241696297e-17-2.062144574230362779e-16j), (-5.127113987557832231e-17-1.093190444293965818e-17j), (9.464926703241696297e-17-2.062144574230362779e-16j), (-5.966952026753206373e-15+5.923558985428443767e-12j)
 (-1.411043801155559046e-14+8.955116581575500983e-12j), (-5.858004075122674269e-17-5.930744709893686643e-17j), (-1.171798788276768014e-16-1.668818778692813948e-17j), (-5.858004075122674269e-17-5.930744709893686643e-17j), (-1.389587689895230620e-14+8.955059646837300992e-12j), (2.163164307582657826e-16-3.112181568822727977e-16j), (-1.171798788276768014e-16-1.668818778692813948e-17j), (2.163164307582657826e-16-3.112181568822727977e-16j), (-1.363723499543076461e-14+8.955077249374967177e-12j)
 (-3.224878900788358416e-14+1.353807885444214099e-11j), (-1.338820819964646736e-16-8.991969362285546261e-17j), (-2.678108251981278955e-16-2.579684071705087877e-17j), (-1.338820819964646736e-16-8.991969362285546261e-17j), (-3.175842266418469743e-14+1.353799411762448982e-11j), (4.943772988192271317e-16-4.686507623861675623e-16j), (-2.678108251981278955e-16-2.579684071705087877e-17j), (4.943772988192271317e-16-4.686507623861675623e-16j), (-3.116731284931044473e-14+1.353802262048935908e-11j)
 (-7.370288274502403358e-14+2.046638103672412081e-11j), (-3.059778680710818831e-16-1.368389134113709984e-16j), (-6.120630158622925940e-16-4.098375546422885116e-17j), (-3.059778680710818831e-16-1.368389134113709984e-16j), (-7.258219596048232286e-14+2.046625754856295895e-11j), (1.129848714198260983e-15-7.021244947980369526e-16j), (-6.120630158622925940e-16-4.098375546422885116e-17j), (1.129848714198260983e-15-7.021244947980369526e-16j), (-7.123127185738976454e-14+2.046630717467024882e-11j)
 (-1.684423552565124981e-13+3.094004956459345294e-11j), (-6.992731195182402307e-16-2.099848155212032923e-16j), (-1.398784868689009153e-15-6.886554716329350573e-17j), (-6.992731195182402307e-16-2.099848155212032923e-16j), (-1.658812111160651543e-13+3.093987882213674234e-11j), (2.582055907295190351e-15-1.039425699697052165e-15j), (-1.398784868689009153e-15-6.886554716329350573e-17j), (2.582055907295190351e-15-1.039425699697052165e-15j), (-1.627939109241846003e-13+3.093997642773630090e-11j)
 (-3.849536662118187450e-13+4.677261608757652758e-11j), (-1.598011822326510529e-15-3.282203688739608329e-16j), (-3.196521006708643473e-15-1.280852800495790338e-16j), (-1.598011822326510529e-15-3.282203688739608329e-16j), (-3.791010211181829574e-13+4.677241304424644747e-11j), (5.900291972495066775e-15-1.495228963198727464e-15j), (-3.196521006708643473e-15-1.280852800495790338e-16j), (5.900291972495066775e-15-1.495228963198727464e-15j), (-3.720460900091989508e-13+4.677263861646184588e-11j)
 (-8.797180492455801781e-13+7.070352733999284107e-11j), (-3.651402743120731799e-15-5.334186789837653602e-16j), (-7.303674742467554297e-15-2.767051649843970675e-16j), (-3.651402743120731799e-15-5.334186789837653602e-16j), (-8.663459950560535120e-13+7.070341064075499155e-11j), (1.348018111309681890e-14-1.997312489938874376e-15j), (-7.303674742467554297e-15-2.767051649843970675e-16j), (1.348018111309681890e-14-1.997312489938874376e-15j), (-8.502273326009997808e-13+7.070402113229893117e-11j)
 (-2.010147927098890718e-12+1.068665956496061257e-10j), (-8.340998718857665397e-15-9.349889537158636463e-16j), (-1.668257825888074612e-14-7.056870027729895388e-16j), (-8.340998718857665397e-15-9.349889537158636463e-16j), (-1.979607226762172078e-12+1.068670761619762396e-10j), (3.078379987312719749e-14-2.110637923366412535e-15j), (-1.668257825888074612e-14-7.056870027729895388e-16j), (3.078379987312719749e-14-2.110637923366412535e-15j), (-1.942795376460680517e-12+1.068689295965540472e-10j)
 (-4.591949627836667098e-12+1.614849385770922883e-10j), (-1.904143008832672174e-14-1.857269516108967637e-15j), (-3.807690374374491760e-14-2.059357102109495046e-15j), (-1.904143008832672174e-14-1.857269516108967637e-15j), (-4.522257678297173859e-12+1.614879314648746810e-10j), (7.022654745976587327e-14-5.446632542541445891e-17j), (-3.807690374374491760e-14-2.059357102109495046e-15j), (7.022654745976587327e-14-5.446632542541445891e-17j), (-4.438265196927754962e-12+1.614939440027305279e-10j)
 (-1.048341384251891418e-11+2.438759855673752194e-10j), (-4.340598727436921617e-14-4.336781342443620497e-15j), (-8.676081390393008876e-14-6.532753829849736594e-15j), (-4.340598727436921617e-14-4.336781342443620497e-15j), (-1.032469655307181906e-11+2.438883148625521156e-10j), (1.598296658585409410e-13+1.072111039086072723e-14j), (-8.676081390393008876e-14-6.532753829849736594e-15j), (1.598296658585409410e-13+1.072111039086072723e-14j), (-1.013346243705151030e-11+2.439084622869986290e-10j)
 (-2.390054214160736804e-11+3.678149026351381676e-10j), (-9.861881786197597210e-14-1.180454634027924844e-14j), (-1.969283323513590232e-13-2.160125753432253487e-14j), (-9.861881786197597210e-14-1.180454634027924844e-14j), (-2.354071267647927893e-11+3.678603027467663429e-10j), (3.618034950606163661e-13+5.327100368313986734e-14j), (-1.969283323513590232e-13-2.160125753432253487e-14j), (3.618034950606163661e-13+5.327100368313986734e-14j), (-2.310743236369272535e-11+3.679286921976949618e-10j)
 (-5.431857505372099054e-11+5.530694052243227696e-10j), (-2.223777186664575131e-13-3.570882961526610186e-14j), (-4.430758343423619943e-13-7.245769242179627748e-14j), (-2.223777186664575131e-13-3.570882961526610186e-14j), (-5.351120346027428720e-11+5.532289046869109426e-10j), (8.089536486261428575e-13+2.065274697952107428e-13j), (-4.430758343423619943e-13-7.245769242179627748e-14j), (8.089536486261428575e-13+2.065274697952107428e-13j), (-5.254042720415011509e-11+5.534612084922039945e-10j)
 (-1.225781266905433475e-10+8.259957701606278429e-10j), (-4.929298195495727500e-13-1.136309662720838128e-13j), (-9.772465310629524895e-13-2.416667487583977214e-13j), (-4.929298195495727500e-13-1.136309662720838128e-13j), (-1.208088435643934278e-10+8.265386279958701256e-10j), (1.758035630054571495e-12+7.317541510243461188e-13j), (-9.772465310629524895e-13-2.416667487583977214e-13j), (1.758035630054571495e-12+7.317541510243461188e-13j), (-1.186887893890441592e-10+8.273188289945242793e-10j)
 (-2.723080799209455647e-10+1.215176424392046479e-09j), (-1.051344113911013406e-12-3.625711022836758002e-13j), (-2.061068412106655135e-12-7.826586419265324866e-13j), (-1.051344113911013406e-12-3.625711022836758002e-13j), (-2.686337717705500374e-10+1.216949853321347475e-09j), (3.575804524079439216e-12+2.439496008784234790e-12j), (-2.061068412106655135e-12-7.826586419265324866e-13j), (3.575804524079439216e-12+2.439496008784234790e-12j), (-2.642690979601664376e-10+1.219490699228543971e-09j)
 (-5.849980590024564615e-10+1.731307063989353360e-09j), (-2.059048617881869915e-12-1.102706214184263813e-12j), (-3.936283885443533362e-12-2.362753195350646417e-12j), (-2.059048617881869915e-12-1.102706214184263813e-12j), (-5.782479045115220528e-10+1.736675804805906692e-09j), (6.195134220787968950e-12+7.506218988806871575e-12j), (-3.936283885443533362e-12-2.362753195350646417e-12j), (6.195134220787968950e-12+7.506218988806871575e-12j), (-5.704256264842945611e-10+1.744400827280046377e-09j)
 (-1.176241373155100706e-09+2.315908257795721061e-09j), (-3.354509254255097833e-12-2.974916626084178602e-12j), (-6.057672582017434637e-12-6.173176949406203886e-12j), (-3.354509254255097833e-12-2.974916626084178602e-12j), (-1.166953424581730378e-09+2.329924712902806567e-09j), (6.756460827811451336e-12+2.004228152797191511e-11j), (-6.057672582017434637e-12-6.173176949406203886e-12j), (6.756460827811451336e-12+2.004228152797191511e-11j), (-1.157164655964044592e-09+2.350354895610942205e-09j)
 (-2.112276725294665577e-09+2.784739615615552742e-09j), (-3.661696805460988050e-12-6.427559912069305148e-12j), (-5.747059091103337919e-12-1.244003219414175535e-11j), (-3.661696805460988050e-12-6.427559912069305148e-12j), (-2.107270729216861428e-09+2.812989722971041905e-09j), (-4.147800306673974222e-12+4.192214101976442485e-11j), (-5.747059091103337919e-12-1.244003219414175535e-11j), (-4.147800306673974222e-12+4.192214101976442485e-11j), (-2.106509200834297004e-09+2.855143035650690568e-09j)
 (-3.256190154758104751e-09+2.908660745957519538e-09j), (-9.259388171686363687e-13-1.001191031817425552e-11j), (-2.792888076841944954e-13-1.713569000327233787e-11j), (-9.259388171686363687e-13-1.001191031817425552e-11j), (-3.267951662365540120e-09+2.948123200582731926e-09j), (-3.613240767847409737e-11+6.162152567492805365e-11j), (-2.792888076841944954e-13-1.713569000327233787e-11j), (-3.613240767847409737e-11+6.162152567492805365e-11j), (-3.296815640110489214e-09+3.008560563158862772e-09j)
 (-4.310198430868076526e-09+2.655522320774951128e-09j), (4.473032108697477768e-12-1.069297816516327165e-11j), (6.785714804754499780e-12-1.576219984485947067e-11j), (4.473032108697477768e-12-1.069297816516327165e-11j), (-4.343355785228011429e-09+2.693037620315624188e-09j), (-7.898000935389545407e-11+5.990139152021401937e-11j), (6.785714804754499780e-12-1.576219984485947067e-11j), (-7.898000935389545407e-11+5.990139152021401937e-11j), (-4.411165819741909899e-09+2.749358272927550234e-09j)
 (-5.095027280034639237e-09+2.209212310592969609e-09j), (9.258625000274236265e-12-7.931589212038431282e-12j), (1.066735871857015381e-11-1.163010775370762255e-11j), (9.258625000274236265e-12-7.931589212038431282e-12j), (-5.143013355809073795e-09+2.235670714435147699e-09j), (-1.102626822065899732e-10+3.567623368154032752e-11j), (1.066735871857015381e-11-1.163010775370762255e-11j), (-1.102626822065899732e-10+3.567623368154032752e-11j), (-5.236399339823246173e-09+2.267752461348985943e-09j)
 (-5.621247534049361938e-09+1.746306857075127831e-09j), (1.156768483640939004e-11-4.070878181219297056e-12j), (1.285293989893467407e-11-8.643611853235319480e-12j), (1.156768483640939004e-11-4.070878181219297056e-12j), (-5.676965327786587281e-09+1.759412817972632820e-09j), (-1.212248185932471871e-10+2.034579539773559365e-12j), (1.285293989893467407e-11-8.643611853235319480e-12j), (-1.212248185932471871e-10+2.034579539773559365e-12j), (-5.777174507903196664e-09+1.762926129982162841e-09j)
 (-5.962390572293302806e-09+1.348974457025550914e-09j), (1.246200935899556145e-11-7.428757727838287956e-13j), (1.427597954692707458e-11-6.747705979380144124e-12j), (1.246200935899556145e-11-7.428757727838287956e-13j), (-6.019727612302476423e-09+1.348206126353366998e-09j), (-1.147710045224173214e-10-3.060409003233625306e-11j), (1.427597954692707458e-11-6.747705979380144124e-12j), (-1.147710045224173214e-10-3.060409003233625306e-11j), (-6.114825700832957168e-09+1.326775424322792229e-09j)
 (-6.184068758630655834e-09+1.040856552406134397e-09j), (1.338919531305937327e-11+2.742626459832503654e-12j), (1.506426543732290719e-11-7.002517365258453903e-12j), (1.338919531305937327e-11+2.742626459832503654e-12j), (-6.237293858920800519e-09+1.028153984190463646e-09j), (-9.719851816304330404e-11-5.644498166019289373e-11j), (1.506426543732290719e-11-7.002517365258453903e-12j), (-9.719851816304330404e-11-5.644498166019289373e-11j), (-6.321070480101520330e-09+9.858418813709131876e-10j)
