 (-9.526843429199344070e-20+4.934797986944510111e-14j), (8.368274533832902860e-25+2.248759790560686729e-20j), (6.248668533232738990e-24+1.059045927998357604e-20j), (8.368274533832902860e-25+2.248759790560686729e-20j), (-1.800847118715734445e-19+8.806945548543310663e-14j), (-7.488645551581468292e-23-2.661125888930216257e-19j), (6.248668533232738990e-24+1.059045927998357604e-20j), (-7.488645551581468292e-23-2.661125888930216257e-19j), (-1.801161895622230977e-19+8.806932489542821870e-14j)
 (-2.757322015687440305e-19+8.395346195435262652e-14j), (-1.007026148128409735e-23+3.826001068707449117e-20j), (2.845142905255336283e-23+1.801580842004993282e-20j), (-1.007026148128409735e-23+3.826001068707449117e-20j), (-5.211296515193123544e-19+1.498284182138362588e-13j), (-1.057144060334966324e-22-4.509587362650988297e-19j), (2.845142905255336283e-23+1.801580842004993282e-20j), (-1.057144060334966324e-22-4.509587362650988297e-19j), (-5.212201211338968629e-19+1.498281985509959289e-13j)
 (-7.980423696125358155e-19+1.428261864552291877e-13j), (-3.054635273095738629e-23+6.509258590565696603e-20j), (8.537895779299363928e-23+3.064845425612964898e-20j), (-3.054635273095738629e-23+6.509258590565696603e-20j), (-1.508250262377383525e-18+2.548961671435613949e-13j), (-2.874769165650835582e-22-7.661374027583752897e-19j), (8.537895779299363928e-23+3.064845425612964898e-20j), (-2.874769165650835582e-22-7.661374027583752897e-19j), (-1.508512765312663619e-18+2.548957949182311066e-13j)
 (-2.309746994919320442e-18+2.429836609669436550e-13j), (-7.070150142358657490e-23+1.107414193567017359e-19j), (2.375411363379681652e-22+5.213994678852604827e-20j), (-7.070150142358657490e-23+1.107414193567017359e-19j), (-4.364254496215734689e-18+4.336431537172346722e-13j), (-9.589290486181075495e-22-1.302755632239783100e-18j), (2.375411363379681652e-22+5.213994678852604827e-20j), (-9.589290486181075495e-22-1.302755632239783100e-18j), (-4.365009645032890422e-18+4.336425213378364124e-13j)
 (-6.685022480514196610e-18+4.133769930802142612e-13j), (-1.542891595396809557e-22+1.884015300804977889e-19j), (6.564403239966139670e-22+8.870255506112640109e-20j), (-1.542891595396809557e-22+1.884015300804977889e-19j), (-1.262926037267075276e-17+7.377372466237626407e-13j), (-3.154345646369076837e-21-2.215927412492046848e-18j), (6.564403239966139670e-22+8.870255506112640109e-20j), (-3.154345646369076837e-21-2.215927412492046848e-18j), (-1.263143706935037620e-17+7.377361712982092977e-13j)
 (-1.934823409390774510e-17+7.032593783057150519e-13j), (-3.406313578782896574e-22+3.205209078121397374e-19j), (1.832240436014481021e-21+1.509050075381716951e-19j), (-3.406313578782896574e-22+3.205209078121397374e-19j), (-3.654945488024746634e-17+1.255078633140985728e-12j), (-9.944146312266724203e-21-3.769612583077154069e-18j), (1.832240436014481021e-21+1.509050075381716951e-19j), (-9.944146312266724203e-21-3.769612583077154069e-18j), (-3.655574438605463300e-17+1.255076804040308076e-12j)
 (-5.599893841576417443e-17+1.196423025393863578e-12j), (-7.853584111146442881e-22+5.452891100195200585e-19j), (5.173027682750300080e-21+2.567276272653680141e-19j), (-7.853584111146442881e-22+5.452891100195200585e-19j), (-1.057799130794853448e-16+2.135207884160150981e-12j), (-3.034228562865687341e-20-6.412919226323045033e-18j), (5.173027682750300080e-21+2.567276272653680141e-19j), (-3.034228562865687341e-20-6.412919226323045033e-18j), (-1.057981079692809985e-16+2.135204772571515618e-12j)
 (-1.620758297210131279e-16+2.035419783626186876e-12j), (-1.911568603101163214e-21+9.276759015962479273e-19j), (1.473617743851272740e-20+4.367604103027022007e-19j), (-1.911568603101163214e-21+9.276759015962479273e-19j), (-3.061500911679789154e-16+3.632531528701742439e-12j), (-9.065380719560236752e-20-1.090993098542835809e-17j), (1.473617743851272740e-20+4.367604103027022007e-19j), (-9.065380719560236752e-20-1.090993098542835809e-17j), (-3.062027494441006889e-16+3.632526235199005195e-12j)
 (-4.690905773373923882e-16+3.462766574667170712e-12j), (-4.897327160893143976e-21+1.578210773723155695e-18j), (4.223420111613098637e-20+7.430485890470247041e-19j), (-4.897327160893143976e-21+1.578210773723155695e-18j), (-8.860729418719174099e-16+6.179859720133692141e-12j), (-2.673806344757603513e-19-1.856060607994988161e-17j), (4.223420111613098637e-20+7.430485890470247041e-19j), (-2.673806344757603513e-19-1.856060607994988161e-17j), (-8.862253584694791426e-16+6.179850714583130552e-12j)
 (-1.357672915098794079e-15+5.891046240978927255e-12j), (-1.307327144804807375e-20+2.684933171849719683e-18j), (1.215142123769961540e-19+1.264151934787197527e-18j), (-1.307327144804807375e-20+2.684933171849719683e-18j), (-2.564521082615068291e-15+1.051351236839853190e-11j), (-7.825654619133674290e-19-3.157667929710047859e-17j), (1.215142123769961540e-19+1.264151934787197527e-18j), (-7.825654619133674290e-19-3.157667929710047859e-17j), (-2.564962248043264604e-15+1.051349704761594622e-11j)
 (-3.929466288610965246e-15+1.002216657506844186e-11j), (-3.594528421639796705e-20+4.567759765496250037e-18j), (3.504506085107917538e-19+2.150815605318431967e-18j), (-3.594528421639796705e-20+4.567759765496250037e-18j), (-7.422391161004975746e-15+1.788615580630401109e-11j), (-2.279919038749849982e-18-5.372156788578047154e-17j), (3.504506085107917538e-19+2.150815605318431967e-18j), (-2.279919038749849982e-18-5.372156788578047154e-17j), (-7.423668079780470011e-15+1.788612974134880161e-11j)
 (-1.137291749862467611e-14+1.705024858352490800e-11j), (-1.008008763480947903e-19+7.771048030404419687e-18j), (1.012169426120805943e-18+3.659889442478300999e-18j), (-1.008008763480947903e-19+7.771048030404419687e-18j), (-2.148234522108107487e-14+3.042888874674406695e-11j), (-6.624290531755141494e-18-9.140081417972639948e-17j), (1.012169426120805943e-18+3.659889442478300999e-18j), (-6.624290531755141494e-18-9.140081417972639948e-17j), (-2.148604109492038398e-14+3.042884440152504028e-11j)
 (-3.291621912405847401e-14+2.900678279227250065e-11j), (-2.862486631660186669e-19+1.322145752226394588e-17j), (2.925866008626610004e-18+6.230245497029787232e-18j), (-2.862486631660186669e-19+1.322145752226394588e-17j), (-6.217552353328709778e-14+5.176722615927726591e-11j), (-1.921594593285916265e-17-1.555255878576873485e-16j), (2.925866008626610004e-18+6.230245497029787232e-18j), (-1.921594593285916265e-17-1.555255878576873485e-16j), (-6.218622060113788144e-14+5.176715070637800762e-11j)
 (-9.526804053629194679e-14+4.934778740292399159e-11j), (-8.192524714559741267e-19+2.249852534641852233e-17j), (8.462108189830303178e-18+1.061779681254867206e-17j), (-8.192524714559741267e-19+2.249852534641852233e-17j), (-1.799519110248790787e-13+8.806896368678159454e-11j), (-5.568890723284553501e-17-2.647228703834062361e-16j), (8.462108189830303178e-18+1.061779681254867206e-17j), (-5.568890723284553501e-17-2.647228703834062361e-16j), (-1.799828714735325278e-13+8.806883527094587138e-11j)
 (-2.757289060983208565e-13+8.395251427958714598e-11j), (-2.356207691375896487e-18+3.830520376916060039e-17j), (2.448126659977171094e-17+1.815394834587268486e-17j), (-2.356207691375896487e-18+3.830520376916060039e-17j), (-5.208240843060349587e-13+1.498264636801275919e-10j), (-1.612952697399087549e-16-4.509892259244354271e-16j), (2.448126659977171094e-17+1.815394834587268486e-17j), (-1.612952697399087549e-16-4.509892259244354271e-16j), (-5.209136916705956325e-13+1.498262449596861234e-10j)
 (-7.980147694588878030e-13+1.428215203238960132e-10j), (-6.798706713666505817e-18+6.531953220254353290e-17j), (7.083715543158386884e-17+3.132649675683113649e-17j), (-6.798706713666505817e-18+6.531953220254353290e-17j), (-1.507365326884602178e-12+2.548868184226893930e-10j), (-4.669867714241068388e-16-7.702450731530776722e-16j), (7.083715543158386884e-17+3.132649675683113649e-17j), (-4.669867714241068388e-16-7.702450731530776722e-16j), (-1.507624666172407934e-12+2.548864450806087711e-10j)
 (-2.309515817621428626e-12+2.429606870136949536e-10j), (-1.967080654642445122e-17+1.118975424564401388e-16j), (2.049786175601301654e-16+5.546215270104393180e-17j), (-1.967080654642445122e-17+1.118975424564401388e-16j), (-4.362397730966297420e-12+4.335972868398399699e-10j), (-1.351573905733727887e-15-1.324861963491835642e-15j), (2.049786175601301654e-16+5.546215270104393180e-17j), (-1.351573905733727887e-15-1.324861963491835642e-15j), (-4.363148250842755521e-12+4.335966455705124423e-10j)
 (-6.683086347461210099e-12+4.132638938000880383e-10j), (-5.711507942651339630e-17+1.942227454349086582e-16j), (5.930521253419540001e-16+1.050033048983724319e-16j), (-5.711507942651339630e-17+1.942227454349086582e-16j), (-1.262327315756834717e-11+7.375115469683130008e-10j), (-3.909939737432511604e-15-2.324372031297116463e-15j), (5.930521253419540001e-16+1.050033048983724319e-16j), (-3.909939737432511604e-15-2.324372031297116463e-15j), (-1.262544470614023909e-11+7.375104258864072623e-10j)
 (-1.933202464585936338e-11+7.027028006489668516e-10j), (-1.669948623505893402e-16+3.494909617859487066e-16j), (1.714763213549822102e-15+2.309633571037987488e-16j), (-1.669948623505893402e-16+3.494909617859487066e-16j), (-3.651279443719639533e-11+1.253968058917840348e-09j), (-1.129984208546129809e-14-4.298324261958659607e-15j), (1.714763213549822102e-15+2.309633571037987488e-16j), (-1.129984208546129809e-14-4.298324261958659607e-15j), (-3.651907398579387949e-11+1.253966003538113417e-09j)
 (-5.586337530539884783e-11+1.193686909201822333e-09j), (-4.964875764747904017e-16+6.878339169569476217e-16j), (4.948122980328819198e-15+6.497542193518627952e-16j), (-4.964875764747904017e-16+6.878339169569476217e-16j), (-1.054912543064492487e-10+2.129749366980001942e-09j), (-3.257558851494218748e-14-8.992381645142596958e-15j), (4.948122980328819198e-15+6.497542193518627952e-16j), (-3.257558851494218748e-14-8.992381645142596958e-15j), (-1.055093832087284732e-10+2.129745143297144273e-09j)
 (-1.609455426790589530e-10+2.022009874785638307e-09j), (-1.538159660735517532e-15+1.617155489134570141e-15j), (1.419198911487402350e-14+2.359320779994725779e-15j), (-1.538159660735517532e-15+1.617155489134570141e-15j), (-3.037684913006675022e-10+3.605792947147274019e-09j), (-9.327766858762206993e-14-2.345667240205004257e-14j), (1.419198911487402350e-14+2.359320779994725779e-15j), (-9.327766858762206993e-14-2.345667240205004257e-14j), (-3.038205818173921547e-10+3.605782216486885662e-09j)
 (-4.597484701167861129e-10+3.397611112745192421e-09j), (-5.223702111173207028e-15+4.788192236722561999e-15j), (3.998590829942194488e-14+1.003430251702067679e-14j), (-5.223702111173207028e-15+4.788192236722561999e-15j), (-8.664507337331940965e-10+6.050136389595407147e-09j), (-2.621331992041460201e-13-7.878121972448187330e-14j), (3.998590829942194488e-14+1.003430251702067679e-14j), (-2.621331992041460201e-13-7.878121972448187330e-14j), (-8.665984100492644325e-10+6.050101153339264831e-09j)
 (-1.282318779864961645e-09+5.582051035399859037e-09j), (-2.067724985469046726e-14+1.617834794590510140e-14j), (1.070228384488226406e-13+4.458865569766467653e-14j), (-2.067724985469046726e-14+1.617834794590510140e-14j), (-2.406940017781937159e-09+9.900808061149921154e-09j), (-6.994697420173897314e-13-3.093599101869614331e-13j), (1.070228384488226406e-13+4.458865569766467653e-14j), (-6.994697420173897314e-13-3.093599101869614331e-13j), (-2.407343541676837928e-09+9.900670716544324982e-09j)
 (-3.359384176734854296e-09+8.647155314778759031e-09j), (-9.285014920197171209e-14+4.626833192518040405e-14j), (2.482348884421414386e-13+1.855267004121631183e-13j), (-9.285014920197171209e-14+4.626833192518040405e-14j), (-6.242403732674647712e-09+1.518720581770672252e-08j), (-1.627201588596436465e-12-1.207645480123695879e-12j), (2.482348884421414386e-13+1.855267004121631183e-13j), (-1.627201588596436465e-12-1.207645480123695879e-12j), (-6.243409526969885449e-09+1.518666126585495890e-08j)
 (-7.641378321991888857e-09+1.175102601176918580e-08j), (-3.783651626985840999e-13+2.846870057849476623e-14j), (3.923064988008550073e-13+6.232278631536378161e-13j), (-3.783651626985840999e-13+2.846870057849476623e-14j), (-1.391499482305225894e-08+2.023692217001182703e-08j), (-2.742112267384598865e-12-3.892057482307179472e-12j), (3.923064988008550073e-13+6.232278631536378161e-13j), (-2.742112267384598865e-12-3.892057482307179472e-12j), (-1.391707840720124084e-08+2.023503396938858973e-08j)
 (-1.374335711682489739e-08+1.294727455178601933e-08j), (-9.938744383640091550e-13-4.881630209700640460e-13j), (1.523448070143609129e-13+1.417683189029283980e-12j), (-9.938744383640091550e-13-4.881630209700640460e-13j), (-2.435102644920069220e-08+2.171847811770266916e-08j), (-2.532032886944119398e-12-8.943647413700171501e-12j), (1.523448070143609129e-13+1.417683189029283980e-12j), (-2.532032886944119398e-12-8.943647413700171501e-12j), (-2.435428426468767341e-08+2.171315146407433593e-08j)
 (-1.930196738727171126e-08+1.173289290278591173e-08j), (-1.310168704290990660e-12-2.055796433444940259e-12j), (-7.135356230124701805e-13+2.056030704689220325e-12j), (-1.310168704290990660e-12-2.055796433444940259e-12j), (-3.343343065118202601e-08+1.926713119759772047e-08j), (-4.467149268694643710e-13-1.623267868395224407e-11j), (-7.135356230124701805e-13+2.056030704689220325e-12j), (-4.467149268694643710e-13-1.623267868395224407e-11j), (-3.343613577777821905e-08+1.925455309442553143e-08j)
 (-2.318454992683067117e-08+9.844112329010795462e-09j), (-3.632642445764338934e-13-4.342071799924558669e-12j), (-1.721163835090155196e-12+2.160288171082228295e-12j), (-3.632642445764338934e-13-4.342071799924558669e-12j), (-3.963403162833085613e-08+1.595249549487378668e-08j), (6.657865100658825712e-12-2.826628331759476462e-11j), (-1.721163835090155196e-12+2.160288171082228295e-12j), (6.657865100658825712e-12-2.826628331759476462e-11j), (-3.962856539493229531e-08+1.592882040891683384e-08j)
 (-2.610761970625105761e-08+8.286647323919287387e-09j), (2.300096731503815802e-12-6.289504329052877112e-12j), (-2.412129746729232134e-12+2.024799890694502814e-12j), (2.300096731503815802e-12-6.289504329052877112e-12j), (-4.427002909644777514e-08+1.327614026864689773e-08j), (2.754107782800720903e-11-3.859736537772849050e-11j), (-2.412129746729232134e-12+2.024799890694502814e-12j), (2.754107782800720903e-11-3.859736537772849050e-11j), (-4.424207430790562542e-08+1.324891306631742100e-08j)
 (-2.855381192382649091e-08+6.953718396135349477e-09j), (5.999568033457761540e-12-6.847668930028368166e-12j), (-2.907785734384049442e-12+2.244814716540953289e-12j), (5.999568033457761540e-12-6.847668930028368166e-12j), (-4.808630903906838271e-08+1.101089452726667506e-08j), (5.509322380218139196e-11-3.036409417461618305e-11j), (-2.907785734384049442e-12+2.244814716540953289e-12j), (5.509322380218139196e-11-3.036409417461618305e-11j), (-4.803742540107524403e-08+1.100594457980321402e-08j)
 (-3.059367950287745490e-08+5.769519876661662034e-09j), (1.028551588415733813e-11-5.914515578477125998e-12j), (-4.121476901815775900e-12+2.810198779600436447e-12j), (1.028551588415733813e-11-5.914515578477125998e-12j), (-5.121640776020393818e-08+9.088292938850224036e-09j), (6.769841325897489952e-11-4.113794256122866436e-12j), (-4.121476901815775900e-12+2.810198779600436447e-12j), (6.769841325897489952e-11-4.113794256122866436e-12j), (-5.117763971627222029e-08+9.115841046410229858e-09j)
 (-3.231206655543550865e-08+4.651381083704544888e-09j), (1.447492156273505175e-11-1.833160823372801952e-12j), (-6.041824028175570302e-12+2.271800011804091982e-12j), (1.447492156273505175e-11-1.833160823372801952e-12j), (-5.386105255634250104e-08+7.371553590902425007e-09j), (5.733283691580467836e-11+2.174977246902429008e-11j), (-6.041824028175570302e-12+2.271800011804091982e-12j), (5.733283691580467836e-11+2.174977246902429008e-11j), (-5.385379819545188857e-08+7.407430129432480367e-09j)
 (-3.362147195423713789e-08+3.529403599831572940e-09j), (1.427612228782521857e-11+5.129027398242039372e-12j), (-6.953842340324559582e-12+5.001848945599099790e-13j), (1.427612228782521857e-11+5.129027398242039372e-12j), (-5.596968624493899566e-08+5.722151156305187620e-09j), (3.470703926986779009e-11+3.280176790024654050e-11j), (-6.953842340324559582e-12+5.001848945599099790e-13j), (3.470703926986779009e-11+3.280176790024654050e-11j), (-5.598367074290489171e-08+5.741254346162019209e-09j)
 (-3.448632842008157692e-08+2.522912583610261467e-09j), (8.627829003336137985e-12+9.429576425100255512e-12j), (-6.589209055740875595e-12-8.429118344503805075e-13j), (8.627829003336137985e-12+9.429576425100255512e-12j), (-5.748487761921807471e-08+4.156475296203303289e-09j), (1.495719569062277610e-11+2.910110994455747888e-11j), (-6.589209055740875595e-12-8.429118344503805075e-13j), (1.495719569062277610e-11+2.910110994455747888e-11j), (-5.749904102487118432e-08+4.156267111810607277e-09j)
 (-3.499871515811121293e-08+1.719370612359852875e-09j), (2.767295029017100144e-12+8.856359915704551804e-12j), (-6.136127582345330559e-12-1.600143220127804541e-12j), (2.767295029017100144e-12+8.856359915704551804e-12j), (-5.838109654023091951e-08+2.801672157865783867e-09j), (4.855927858870044168e-12+2.012549851814303560e-11j), (-6.136127582345330559e-12-1.600143220127804541e-12j), (4.855927858870044168e-12+2.012549851814303560e-11j), (-5.838719523082952568e-08+2.793604588581661450e-09j)
 (-3.528339045844132711e-08+1.144974618912224750e-09j), (-3.713910360861838855e-13+6.537351551989360784e-12j), (-5.525791782498878382e-12-2.341555362849222204e-12j), (-3.713910360861838855e-13+6.537351551989360784e-12j), (-5.882484546394478633e-08+1.810689567936053705e-09j), (1.431064144827175487e-12+1.323699759086666070e-11j), (-5.525791782498878382e-12-2.341555362849222204e-12j), (1.431064144827175487e-12+1.323699759086666070e-11j), (-5.882596521965356217e-08+1.800715845527961014e-09j)
 (-3.544764680074515151e-08+7.540517381313972313e-10j), (-1.932492215984172429e-12+4.703792302484103157e-12j), (-4.086368322007109009e-12-2.584296131557149966e-12j), (-1.932492215984172429e-12+4.703792302484103157e-12j), (-5.903244201899914496e-08+1.163838180377603135e-09j), (2.579250245267464126e-13+9.667346531230566321e-12j), (-4.086368322007109009e-12-2.584296131557149966e-12j), (2.579250245267464126e-13+9.667346531230566321e-12j), (-5.903113128211829885e-08+1.151347628673891079e-09j)
 (-3.553528452920981200e-08+4.935718886948049725e-10j), (-3.065302717142324829e-12+3.627347355295395785e-12j), (-2.304476842890799548e-12-2.006882785769643597e-12j), (-3.065302717142324829e-12+3.627347355295395785e-12j), (-5.912314666292482348e-08+7.792370331078673781e-10j), (-4.110835301470732171e-13+8.590665067833395799e-12j), (-2.304476842890799548e-12-2.006882785769643597e-12j), (-4.110835301470732171e-13+8.590665067833395799e-12j), (-5.912037049574649499e-08+7.619052990367631274e-10j)
 (-3.557386767519204342e-08+3.388530189582505816e-10j), (-3.919452414134203145e-12+3.195591458877076704e-12j), (-9.089698332862774577e-13-9.751672019301609049e-13j), (-3.919452414134203145e-12+3.195591458877076704e-12j), (-5.915873281265841248e-08+5.951080424527689610e-10j), (-8.409223156587838851e-13+9.739660744842178046e-12j), (-9.089698332862774577e-13-9.751672019301609049e-13j), (-8.409223156587838851e-13+9.739660744842178046e-12j), (-5.915522517674771637e-08+5.686936515476685260e-10j)
 (-3.558864378817470953e-08+2.713808129396259692e-10j), (-4.486940075075100473e-12+3.418854312311512057e-12j), (-2.303686624467462707e-14+2.933149550217250647e-13j), (-4.486940075075100473e-12+3.418854312311512057e-12j), (-5.917169857924418747e-08+5.766007442302066596e-10j), (-1.093606154457927162e-12+1.357549664160201142e-11j), (-2.303686624467462707e-14+2.933149550217250647e-13j), (-1.093606154457927162e-12+1.357549664160201142e-11j), (-5.916789494539242160e-08+5.337266040251477439e-10j)
