 (7.503818724538947778e-10+2.480481423621337149e-15j), (-7.580860761673819809e-16+4.286674915353858957e-19j), (4.778348354080360483e-15+6.006880992749677080e-19j), (-7.580860761673819809e-16+4.286674915353858957e-19j), (7.505058194120750908e-10+3.413663200525719935e-15j), (2.155111872880182936e-13+4.763165238344934135e-19j), (4.778348354080360483e-15+6.006880992749677080e-19j), (2.155111872880182936e-13+4.763165238344934135e-19j), (7.503467768743635624e-10+3.411747725984560618e-15j)
 (7.503818723599310927e-10+1.394876624141908774e-14j), (-7.580861529749362332e-16+2.411382258769830557e-18j), (4.778348311984145651e-15+3.378128987704903541e-18j), (-7.580861529749362332e-16+2.411382258769830557e-18j), (7.505058192742675245e-10+1.919642837692964500e-14j), (2.155111872615178431e-13+2.685328509789988229e-18j), (4.778348311984145651e-15+3.378128987704903541e-18j), (2.155111872615178431e-13+2.685328509789988229e-18j), (7.503467767361627752e-10+1.918565723559551893e-14j)
 (7.503818693885445803e-10+7.843967574578798271e-14j), (-7.580885748173732954e-16+1.356034413482686303e-17j), (4.778346988319457843e-15+1.899665359529706628e-17j), (-7.580885748173732954e-16+1.356034413482686303e-17j), (7.505058149164664382e-10+1.079494476376416736e-13j), (2.155111864310172495e-13+1.510192748476243304e-17j), (4.778346988319457843e-15+1.899665359529706628e-17j), (2.155111864310172495e-13+1.510192748476243304e-17j), (7.503467723659269929e-10+1.078888771224353415e-13j)
 (7.503817754250920409e-10+4.410986880475713595e-13j), (-7.581651206682561451e-16+7.625540047249735601e-17j), (4.778305172731084788e-15+1.068260359365821985e-16j), (-7.581651206682561451e-16+7.625540047249735601e-17j), (7.505056771110270580e-10+6.070443168352390216e-13j), (2.155111602106402513e-13+8.492458105164735550e-17j), (4.778305172731084788e-15+1.068260359365821985e-16j), (2.155111602106402513e-13+8.492458105164735550e-17j), (7.503466341672606320e-10+6.067037035395358759e-13j)
 (7.503788040462671639e-10+2.480475970213092515e-12j), (-7.605854714169533648e-16+4.288077467405617049e-16j), (4.776983084025968204e-15+6.007261527118956357e-16j), (-7.605854714169533648e-16+4.288077467405617049e-16j), (7.505013193326624563e-10+3.413654438447828052e-12j), (2.155103312936907994e-13+4.775634850612277126e-16j), (4.776983084025968204e-15+6.007261527118956357e-16j), (2.155103312936907994e-13+4.775634850612277126e-16j), (7.503422639540506650e-10+3.411738981217202550e-12j)
 (7.502848470633804196e-10+1.394798794570493843e-11j), (-8.371030174964418266e-16+2.409960796763594077e-15j), (4.735174348158890149e-15+3.377990050674301619e-15j), (-8.371030174964418266e-16+2.409960796763594077e-15j), (7.503635247454897281e-10+1.919521296435710554e-11j), (2.154841263181333743e-13+2.685080274308371909e-15j), (4.735174348158890149e-15+3.377990050674301619e-15j), (2.154841263181333743e-13+2.685080274308371909e-15j), (7.502040762590547235e-10+1.918443303809391468e-11j)
 (7.473199172555689093e-10+7.830160316815699582e-11j), (-3.237459415362130208e-15+1.330413294345963446e-14j), (3.411135539100555451e-15+1.897042832602752406e-14j), (-3.237459415362130208e-15+1.330413294345963446e-14j), (7.460165048207887529e-10+1.077339036214194708e-10j), (2.146617736008044108e-13+1.501856240917481086e-14j), (3.411135539100555451e-15+1.897042832602752406e-14j), (2.146617736008044108e-13+1.501856240917481086e-14j), (7.458447414007919059e-10+1.076717765016564189e-10j)
 (6.593976161533276322e-10+4.180989301533316513e-10j), (-6.213847408687327348e-14+3.727165760255808019e-14j), (-3.979170549148407524e-14+1.008866244088272795e-13j), (-6.213847408687327348e-14+3.727165760255808019e-14j), (6.181927189718385188e-10+5.714639766852096180e-10j), (1.941730221020609239e-13+7.227705959010231522e-14j), (-3.979170549148407524e-14+1.008866244088272795e-13j), (1.941730221020609239e-13+7.227705959010231522e-14j), (6.177341081539634525e-10+5.708854171933573099e-10j)
 (-3.077565079091292007e-10+1.088862128541581813e-09j), (2.223304999550262029e-13-2.981192047933091597e-14j), (-4.618661330253704364e-13-3.967734401186216795e-13j), (2.223304999550262029e-13-2.981192047933091597e-14j), (-6.949768948011389934e-10+1.416898688972688099e-09j), (2.525829556419526384e-13+2.859407994570393817e-13j), (-4.618661330253704364e-13-3.967734401186216795e-13j), (2.525829556419526384e-13+2.859407994570393817e-13j), (-6.903545991104014940e-10+1.412872442590458585e-09j)
 (-1.725182111469731744e-09+9.682243851510458519e-10j), (-1.313238264095049864e-13-2.511394616370013874e-13j), (1.024716647667021683e-12+2.849399802255653213e-13j), (-1.313238264095049864e-13-2.511394616370013874e-13j), (-2.462451629037670828e-09+1.205178547241574881e-09j), (-6.855572444768705071e-13+1.598169186527670577e-12j), (1.024716647667021683e-12+2.849399802255653213e-13j), (-6.855572444768705071e-13+1.598169186527670577e-12j), (-2.462621060906707089e-09+1.210900379491862601e-09j)
 (-2.509254588831952081e-09+4.501859232505819367e-10j), (-1.908640909073366200e-13+5.924953616822123085e-13j), (-6.708449177284768862e-13+7.270559151670653598e-13j), (-1.908640909073366200e-13+5.924953616822123085e-13j), (-3.449457144833985469e-09+5.943454574838144531e-10j), (-2.525027804023048786e-12+2.713336730535343173e-12j), (-6.708449177284768862e-13+7.270559151670653598e-13j), (-2.525027804023048786e-12+2.713336730535343173e-12j), (-3.451817641301172898e-09+5.942356329831454847e-10j)
 (-2.729326372437190775e-09+1.315409320189986461e-10j), (-9.795946128584744564e-13+6.023155104666033902e-13j), (-1.293676023648442540e-12+9.263029480414902470e-13j), (-9.795946128584744564e-13+6.023155104666033902e-13j), (-3.788285472313372130e-09+1.992900368870195421e-10j), (-8.226883683691862294e-12+3.962106744128475425e-12j), (-1.293676023648442540e-12+9.263029480414902470e-13j), (-8.226883683691862294e-12+3.962106744128475425e-12j), (-3.791566650787756497e-09+2.009037122608267939e-10j)
 (-2.757242073412705052e-09+2.580891198394070652e-11j), (-1.509268990970680124e-12+2.143579636274485811e-13j), (-2.238960456695451749e-12+3.601316703582757492e-13j), (-1.509268990970680124e-12+2.143579636274485811e-13j), (-3.840260067293017359e-09+4.021132202398464136e-11j), (-1.055232181750103447e-11+9.665108831945515646e-13j), (-2.238960456695451749e-12+3.601316703582757492e-13j), (-1.055232181750103447e-11+9.665108831945515646e-13j), (-3.845002741186274671e-09+4.075252762077684480e-11j)
